"Category","Issue","Severity","AffectedObject","Description","Impact","Remediation","DetectedDate","MitreTechnique","AnssiControl","Weight","SeverityLevel","Details","EstimatedEffort","KnownRisks","BackupRollback","OperationalNotes","TestName"
"Legacy Auth & Name Poisoning","WSUS Delivered over HTTP","Critical","synthetic-object-1.fabrikam.local","[SYNTHETIC TEST DATA] Placeholder finding for 'WSUS Delivered over HTTP', generated to exercise report rendering - not a real detection result against 'fabrikam.local' or any other domain.","[SYNTHETIC TEST DATA] Placeholder impact text for 'WSUS Delivered over HTTP'. See src/Scoring.ps1 and the corresponding src/*.ps1 check for this Issue's real Impact wording.","[SYNTHETIC TEST DATA] Placeholder remediation text for 'WSUS Delivered over HTTP'.","09/21/2026 20:17:10","T1210","vuln1_wsus_http","40","4","{""Tier"":""100pct"",""Synthetic"":true}","Medium - converting WSUS to HTTPS requires a certificate, an IIS binding change, and reconfiguring every client's WSUS GPO to the new URL, a coordinated multi-step change across the fleet.","A botched certificate or binding change can temporarily break update delivery to every client pointed at that WSUS server until corrected; switching to HTTPS itself carries no other legitimate compatibility risk.","Moderate - revert the WSUS client GPO to the HTTP URL and the IIS binding to HTTP; requires a Group Policy refresh across clients to fully take effect.","",""
"Coercion & Relay Exposure","WebClient Service Enabled on Domain Controller","Critical","synthetic-object-2.fabrikam.local","[SYNTHETIC TEST DATA] Placeholder finding for 'WebClient Service Enabled on Domain Controller', generated to exercise report rendering - not a real detection result against 'fabrikam.local' or any other domain.","[SYNTHETIC TEST DATA] Placeholder impact text for 'WebClient Service Enabled on Domain Controller'. See src/Scoring.ps1 and the corresponding src/*.ps1 check for this Issue's real Impact wording.","[SYNTHETIC TEST DATA] Placeholder remediation text for 'WebClient Service Enabled on Domain Controller'.","09/21/2026 20:17:10","T1187","vuln1_dc_webclient_running","40","4","{""Tier"":""100pct"",""Synthetic"":true}","Low - stop and disable a single service on each DC.","Disabling WebClient (WebDAV) removes WebDAV redirector functionality on the DC host itself, which is essentially never a legitimate DC use case.","Easy - re-enable and start the service; effective immediately, no data loss.","",""
"Certificate Services","Weak ACL on PKI Container Object (ESC5)","Critical","synthetic-object-3.fabrikam.local","[SYNTHETIC TEST DATA] Placeholder finding for 'Weak ACL on PKI Container Object (ESC5)', generated to exercise report rendering - not a real detection result against 'fabrikam.local' or any other domain.","[SYNTHETIC TEST DATA] Placeholder impact text for 'Weak ACL on PKI Container Object (ESC5)'. See src/Scoring.ps1 and the corresponding src/*.ps1 check for this Issue's real Impact wording.","[SYNTHETIC TEST DATA] Placeholder remediation text for 'Weak ACL on PKI Container Object (ESC5)'.","09/21/2026 20:17:10","T1649","vuln1_adcs_esc5","40","4","{""Tier"":""100pct"",""Synthetic"":true}","Medium - a container-level ACE removal; confirm the trustee isn't a legitimate PKI-management tool or delegated administrator before removing.","Procedural - confirm the trustee isn't an active PKI-management automation account or delegated admin before removing; no realistic legitimate technical break otherwise.","Moderate - export the container's ACL (dsacls or PSPKI) before changing it so the exact ACE can be restored if needed.","",""
"Schema Integrity","Vulnerable Schema Class Allows Arbitrary Object Creation","Critical","synthetic-object-4.fabrikam.local","[SYNTHETIC TEST DATA] Placeholder finding for 'Vulnerable Schema Class Allows Arbitrary Object Creation', generated to exercise report rendering - not a real detection result against 'fabrikam.local' or any other domain.","[SYNTHETIC TEST DATA] Placeholder impact text for 'Vulnerable Schema Class Allows Arbitrary Object Creation'. See src/Scoring.ps1 and the corresponding src/*.ps1 check for this Issue's real Impact wording.","[SYNTHETIC TEST DATA] Placeholder remediation text for 'Vulnerable Schema Class Allows Arbitrary Object Creation'.","09/21/2026 20:17:10","T1098","vuln1_schema_class_vulnerable","40","4","{""Tier"":""100pct"",""Synthetic"":true}","Medium - schema changes require Schema Admins and are forest-wide, so validate the change in a lab before applying, and confirm no legitimate application depends on the current (vulnerable) configuration.","Schema modifications are forest-wide and cannot be easily reverted (schema attributes/classes can be deactivated but not fully deleted) - test any corrective change thoroughly in a lab first.","Difficult - schema changes are effectively permanent (classes/attributes can be deactivated, not removed); a system state backup of a schema-master DC before changing anything is the only real rollback path.","",""
"Kerberos Delegation","User Account with Protocol Transition (T2A4D)","Critical","synthetic-object-5.fabrikam.local","[SYNTHETIC TEST DATA] Placeholder finding for 'User Account with Protocol Transition (T2A4D)', generated to exercise report rendering - not a real detection result against 'fabrikam.local' or any other domain.","[SYNTHETIC TEST DATA] Placeholder impact text for 'User Account with Protocol Transition (T2A4D)'. See src/Scoring.ps1 and the corresponding src/*.ps1 check for this Issue's real Impact wording.","[SYNTHETIC TEST DATA] Placeholder remediation text for 'User Account with Protocol Transition (T2A4D)'.","09/21/2026 20:17:10","T1558","vuln1_user_protocol_transition","40","4","{""Tier"":""100pct"",""Synthetic"":true}","Medium - a single-attribute change, but confirm whether the impersonation capability is still required before removing it; migrating to a Group Managed Service Account (as the remediation suggests) is a larger, separate project.","Protocol transition on a user account is a highly consequential but sometimes legitimate impersonation mechanism, so removing it can break the specific service still relying on it.","Easy - restore the TrustedToAuthForDelegation flag and delegation list on the account; effective at next Kerberos ticket request, no data loss.","",""
"User Account","Unconstrained Delegation Enabled","Critical","synthetic-object-6.fabrikam.local","[SYNTHETIC TEST DATA] Placeholder finding for 'Unconstrained Delegation Enabled', generated to exercise report rendering - not a real detection result against 'fabrikam.local' or any other domain.","[SYNTHETIC TEST DATA] Placeholder impact text for 'Unconstrained Delegation Enabled'. See src/Scoring.ps1 and the corresponding src/*.ps1 check for this Issue's real Impact wording.","[SYNTHETIC TEST DATA] Placeholder remediation text for 'Unconstrained Delegation Enabled'.","09/21/2026 20:17:10","T1558","vuln1_unconstrained_delegation","40","4","{""Tier"":""100pct"",""Synthetic"":true}","Medium - removing unconstrained delegation without configuring an equivalent constrained/RBCD replacement first can break the legitimate double-hop authentication scenario it was supporting, so this needs discovery of what the account/computer actually delegates to.","Unconstrained delegation is one of the most consequential AD misconfigurations (a compromised host with this flag can capture and reuse TGTs of any user who authenticates to it), but removing it without a replacement delegation model will break whatever legitimate multi-hop authentication currently depends on it.","Easy - revert the TRUSTED_FOR_DELEGATION flag; effective at next Kerberos ticket request, no data loss.","",""
"Replication Security","Unauthorized DCSync Permissions","Critical","synthetic-object-7.fabrikam.local","[SYNTHETIC TEST DATA] Placeholder finding for 'Unauthorized DCSync Permissions', generated to exercise report rendering - not a real detection result against 'fabrikam.local' or any other domain.","[SYNTHETIC TEST DATA] Placeholder impact text for 'Unauthorized DCSync Permissions'. See src/Scoring.ps1 and the corresponding src/*.ps1 check for this Issue's real Impact wording.","[SYNTHETIC TEST DATA] Placeholder remediation text for 'Unauthorized DCSync Permissions'.","09/21/2026 20:17:10","T1003.006","vuln1_dcsync","40","4","{""Tier"":""100pct"",""Synthetic"":true}","Low - removing two specific extended-right ACEs (Replicating Directory Changes / Replicating Directory Changes All) from one object, a well-scoped ACE change.","Legitimate DCSync-capable accounts are normally limited to Domain Controllers, Domain/Enterprise Admins, and directory-sync tools like Azure AD Connect; removing an unauthorized grant has no legitimate compatibility impact unless it turns out to be an undocumented, currently-in-use sync or identity-governance tool, so confirm no such tool depends on it.","Moderate - export the domain object's ACL before removing the specific extended-right ACEs so they can be restored if a legitimate sync tool is affected; changes follow normal AD replication.","",""
"Domain Trusts","Trust Configured for Privileged Identity Management (PIM_TRUST)","Critical","synthetic-object-8.fabrikam.local","[SYNTHETIC TEST DATA] Placeholder finding for 'Trust Configured for Privileged Identity Management (PIM_TRUST)', generated to exercise report rendering - not a real detection result against 'fabrikam.local' or any other domain.","[SYNTHETIC TEST DATA] Placeholder impact text for 'Trust Configured for Privileged Identity Management (PIM_TRUST)'. See src/Scoring.ps1 and the corresponding src/*.ps1 check for this Issue's real Impact wording.","[SYNTHETIC TEST DATA] Placeholder remediation text for 'Trust Configured for Privileged Identity Management (PIM_TRUST)'.","09/21/2026 20:17:10","T1558","vuln1_pim_trust","40","4","{""Tier"":""100pct"",""Synthetic"":true}","Low - a single trust-attribute bit toggle, but confirm with the trust's owning teams before clearing it, since PIM trusts are typically deliberate cross-forest identity-management configurations.","Clearing PIM_TRUST restores standard SID filtering across the trust, which will break any legitimate Privileged Identity Management workflow that currently depends on the relaxed filtering - confirm the trust's purpose with its owning teams before changing it.","Easy - the attribute can be re-set if a legitimate dependency surfaces; effective immediately, no data loss.","",""
"Replication Security","SPN-Holding Account Also Has DCSync Rights","Critical","synthetic-object-9.fabrikam.local","[SYNTHETIC TEST DATA] Placeholder finding for 'SPN-Holding Account Also Has DCSync Rights', generated to exercise report rendering - not a real detection result against 'fabrikam.local' or any other domain.","[SYNTHETIC TEST DATA] Placeholder impact text for 'SPN-Holding Account Also Has DCSync Rights'. See src/Scoring.ps1 and the corresponding src/*.ps1 check for this Issue's real Impact wording.","[SYNTHETIC TEST DATA] Placeholder remediation text for 'SPN-Holding Account Also Has DCSync Rights'.","09/21/2026 20:17:10","T1003.006","vuln1_spn_dcsync_chain","40","4","{""Tier"":""100pct"",""Synthetic"":true}","Low - the same single-ACE removal already scoped in the standalone Unauthorized DCSync Permissions finding for this account, or a routine SPN removal/service-account migration, whichever side is decided on.","Removing DCSync rights or an SPN from an account that turns out to be a legitimate directory-sync or service account will break that tool/service until re-provisioned correctly (e.g. via a dedicated gMSA without DCSync rights) - confirm the account's actual purpose before changing either side.","Moderate - export the current ACL and/or SPN value before changing either side so it can be restored if a legitimate dependency surfaces.","",""
"Legacy Auth & Name Poisoning","SMBv1 Enabled / Not Disabled by Policy","Critical","synthetic-object-10.fabrikam.local","[SYNTHETIC TEST DATA] Placeholder finding for 'SMBv1 Enabled / Not Disabled by Policy', generated to exercise report rendering - not a real detection result against 'fabrikam.local' or any other domain.","[SYNTHETIC TEST DATA] Placeholder impact text for 'SMBv1 Enabled / Not Disabled by Policy'. See src/Scoring.ps1 and the corresponding src/*.ps1 check for this Issue's real Impact wording.","[SYNTHETIC TEST DATA] Placeholder remediation text for 'SMBv1 Enabled / Not Disabled by Policy'.","09/21/2026 20:17:10","T1210","vuln1_smbv1_enabled","40","4","{""Tier"":""100pct"",""Synthetic"":true}","Medium - disabling SMBv1 requires confirming no legacy device (old NAS, printer, embedded scanner, very old OS) still requires it, since this is a widely documented historical dependency.","Many legacy or embedded devices (older printers/scanners/NAS, very old Windows/Samba versions) only support SMBv1 and will lose file/print connectivity once it's disabled.","Easy - re-enable the SMBv1 feature/GPO setting; effective after a restart/policy refresh, no data loss.","",""
"Legacy Auth & Name Poisoning","SMB Signing Not Required","Critical","synthetic-object-11.fabrikam.local","[SYNTHETIC TEST DATA] Placeholder finding for 'SMB Signing Not Required', generated to exercise report rendering - not a real detection result against 'fabrikam.local' or any other domain.","[SYNTHETIC TEST DATA] Placeholder impact text for 'SMB Signing Not Required'. See src/Scoring.ps1 and the corresponding src/*.ps1 check for this Issue's real Impact wording.","[SYNTHETIC TEST DATA] Placeholder remediation text for 'SMB Signing Not Required'.","09/21/2026 20:17:10","T1557.001","vuln1_smb_signing_not_required","40","4","{""Tier"":""100pct"",""Synthetic"":true}","Medium - requiring SMB signing domain/DC-wide can affect performance and legacy client compatibility, so validate with a monitoring window per Microsoft's own guidance.","Requiring SMB signing adds CPU overhead per SMB packet and can break or slow legacy SMB clients or devices that don't support it.","Easy - revert the GPO setting; effective at next Group Policy refresh, no data loss.","",""
"Admin Equivalence","SID History Injection (Same Domain)","Critical","synthetic-object-12.fabrikam.local","[SYNTHETIC TEST DATA] Placeholder finding for 'SID History Injection (Same Domain)', generated to exercise report rendering - not a real detection result against 'fabrikam.local' or any other domain.","[SYNTHETIC TEST DATA] Placeholder impact text for 'SID History Injection (Same Domain)'. See src/Scoring.ps1 and the corresponding src/*.ps1 check for this Issue's real Impact wording.","[SYNTHETIC TEST DATA] Placeholder remediation text for 'SID History Injection (Same Domain)'.","09/21/2026 20:17:10","T1134.005","vuln1_sid_history_injection","40","4","{""Tier"":""100pct"",""Synthetic"":true}","High - this is an active-compromise indicator, not a configuration fix; it requires incident-response engagement, forensic investigation, and likely a KRBTGT password reset (twice) if a Golden Ticket is suspected, not a single change.","Resetting the account or clearing sIDHistory while an attacker may still have persistence elsewhere (forged tickets, other backdoors) can tip them off without fully evicting them, so this needs IR judgment, not just a config change.","Hard/Limited - this isn't a reversible setting; it's an incident-response action (reset/disable the account and investigate origin) with no rollback concept.","Engage incident response before making changes if compromise is suspected, since a same-domain sIDHistory entry is a well-documented Golden Ticket/injection indicator rather than a misconfiguration.",""
"Domain Trusts","SID Filtering Disabled on External Trust","Critical","synthetic-object-13.fabrikam.local","[SYNTHETIC TEST DATA] Placeholder finding for 'SID Filtering Disabled on External Trust', generated to exercise report rendering - not a real detection result against 'fabrikam.local' or any other domain.","[SYNTHETIC TEST DATA] Placeholder impact text for 'SID Filtering Disabled on External Trust'. See src/Scoring.ps1 and the corresponding src/*.ps1 check for this Issue's real Impact wording.","[SYNTHETIC TEST DATA] Placeholder remediation text for 'SID Filtering Disabled on External Trust'.","09/21/2026 20:17:10","T1134.005","vuln1_sid_filtering_disabled","40","4","{""Tier"":""100pct"",""Synthetic"":true}","Low - a single trust property toggle.","SID filtering blocks SID-history-based authorization across the trust, so if the other domain legitimately relies on SID history for migrated accounts to retain access, enabling filtering can break that access; confirm no active migration depends on it.","Easy - toggle SID filtering back off; effective immediately, no data loss.","",""
"Admin Equivalence","Shadow Credentials Detected","Critical","synthetic-object-14.fabrikam.local","[SYNTHETIC TEST DATA] Placeholder finding for 'Shadow Credentials Detected', generated to exercise report rendering - not a real detection result against 'fabrikam.local' or any other domain.","[SYNTHETIC TEST DATA] Placeholder impact text for 'Shadow Credentials Detected'. See src/Scoring.ps1 and the corresponding src/*.ps1 check for this Issue's real Impact wording.","[SYNTHETIC TEST DATA] Placeholder remediation text for 'Shadow Credentials Detected'.","09/21/2026 20:17:10","T1556","vuln1_shadow_credentials","40","4","{""Tier"":""100pct"",""Synthetic"":true}","Low - clearing the msDS-KeyCredentialLink attribute is a single-attribute change on one object.","Removing an unauthorized key credential has no legitimate compatibility impact unless it is actually a currently-enrolled Windows Hello for Business or passwordless-auth key, so confirm the key isn't legitimate before clearing.","Moderate - export the current msDS-KeyCredentialLink value before clearing so a legitimate key can be restored if the removal turns out to affect a real passwordless sign-in.","",""
"Schema Integrity","Schema defaultSecurityDescriptor Modified","Critical","synthetic-object-15.fabrikam.local","[SYNTHETIC TEST DATA] Placeholder finding for 'Schema defaultSecurityDescriptor Modified', generated to exercise report rendering - not a real detection result against 'fabrikam.local' or any other domain.","[SYNTHETIC TEST DATA] Placeholder impact text for 'Schema defaultSecurityDescriptor Modified'. See src/Scoring.ps1 and the corresponding src/*.ps1 check for this Issue's real Impact wording.","[SYNTHETIC TEST DATA] Placeholder remediation text for 'Schema defaultSecurityDescriptor Modified'.","09/21/2026 20:17:10","T1098","vuln1_schema_default_sd","40","4","{""Tier"":""100pct"",""Synthetic"":true}","Medium - schema changes require Schema Admins and are forest-wide; validate the corrected SDDL in a lab before applying to production.","Restoring the default defaultSecurityDescriptor does not retroactively fix already-created objects that inherited the modified ACL at creation time - those objects need to be separately identified and remediated.","Difficult - schema attribute value changes are not easily reverted once objects have been created under the modified default; back up the current value and plan for a separate remediation pass on already-affected objects.","",""
"Stale-Object & Hygiene Depth","Rogue NTDS Settings Object Detected","Critical","synthetic-object-16.fabrikam.local","[SYNTHETIC TEST DATA] Placeholder finding for 'Rogue NTDS Settings Object Detected', generated to exercise report rendering - not a real detection result against 'fabrikam.local' or any other domain.","[SYNTHETIC TEST DATA] Placeholder impact text for 'Rogue NTDS Settings Object Detected'. See src/Scoring.ps1 and the corresponding src/*.ps1 check for this Issue's real Impact wording.","[SYNTHETIC TEST DATA] Placeholder remediation text for 'Rogue NTDS Settings Object Detected'.","09/21/2026 20:17:10","T1207","vuln1_rogue_ntds_object","40","4","{""Tier"":""100pct"",""Synthetic"":true}","High - this requires an incident-response-style investigation (replication metadata, event log correlation, timeline reconstruction) before any cleanup action, not a routine configuration fix.","Deleting the object directly (rather than via documented DC metadata cleanup) can leave inconsistent replication metadata across the forest; treat this as a potential security incident requiring investigation before remediation, not a routine hygiene item.","N/A - this is a detection/investigation finding; remediation should follow Microsoft's documented metadata-cleanup procedure once the object is confirmed non-legitimate.","",""
"User Account","Reversible Password Encryption","Critical","synthetic-object-17.fabrikam.local","[SYNTHETIC TEST DATA] Placeholder finding for 'Reversible Password Encryption', generated to exercise report rendering - not a real detection result against 'fabrikam.local' or any other domain.","[SYNTHETIC TEST DATA] Placeholder impact text for 'Reversible Password Encryption'. See src/Scoring.ps1 and the corresponding src/*.ps1 check for this Issue's real Impact wording.","[SYNTHETIC TEST DATA] Placeholder remediation text for 'Reversible Password Encryption'.","09/21/2026 20:17:10","T1003","vuln1_reversible_password","40","4","{""Tier"":""100pct"",""Synthetic"":true}","Low - a single userAccountControl flag (ENCRYPTED_TEXT_PWD_ALLOWED) per account.","The existing reversibly-encrypted copy of the password persists until the account's next password change, so disabling the flag alone doesn't retroactively protect the current password.","Easy - revert the flag; no data loss, though not retroactive to the already-stored reversible copy.","",""
"Domain Security","Reversible Encryption Enabled Domain-Wide","Critical","synthetic-object-18.fabrikam.local","[SYNTHETIC TEST DATA] Placeholder finding for 'Reversible Encryption Enabled Domain-Wide', generated to exercise report rendering - not a real detection result against 'fabrikam.local' or any other domain.","[SYNTHETIC TEST DATA] Placeholder impact text for 'Reversible Encryption Enabled Domain-Wide'. See src/Scoring.ps1 and the corresponding src/*.ps1 check for this Issue's real Impact wording.","[SYNTHETIC TEST DATA] Placeholder remediation text for 'Reversible Encryption Enabled Domain-Wide'.","09/21/2026 20:17:10","T1003","vuln1_reversible_domain_wide","40","4","{""Tier"":""100pct"",""Synthetic"":true}","Medium - disabling the setting alone doesn't clear already-stored reversibly-encrypted password copies for existing accounts, so plan a follow-up forced password change for previously affected accounts.","The existing stored reversible-encryption copy persists for each account until its next password change, so disabling the GPO setting alone doesn't retroactively protect current passwords, a documented Microsoft behavior.","Easy - revert the GPO setting; no data loss, though re-enabling doesn't restore already-cleared reversible copies.","",""
"Admin Equivalence","Privileged SID in History","Critical","synthetic-object-19.fabrikam.local","[SYNTHETIC TEST DATA] Placeholder finding for 'Privileged SID in History', generated to exercise report rendering - not a real detection result against 'fabrikam.local' or any other domain.","[SYNTHETIC TEST DATA] Placeholder impact text for 'Privileged SID in History'. See src/Scoring.ps1 and the corresponding src/*.ps1 check for this Issue's real Impact wording.","[SYNTHETIC TEST DATA] Placeholder remediation text for 'Privileged SID in History'.","09/21/2026 20:17:10","T1134.005","vuln1_privileged_sid_history","40","4","{""Tier"":""100pct"",""Synthetic"":true}","Medium - clearing sIDHistory is simple technically, but confirming the account isn't an active cross-domain migration in progress requires checking with whoever ran the migration.","If a domain migration is still underway, clearing sIDHistory before every migrated resource's ACL has been updated to the new SID can break the migrated user's access to resources that still only trust the old SID.","Hard/Limited - sIDHistory can't be restored to its prior value without re-injecting it via the same migration tooling (e.g. ADMT) that originally populated it; treat clearing it as a one-way cleanup once confirmed unauthorized.","",""
"Uncategorized (Synthetic)","Privileged Account with SPN (Kerberoasting Risk)","Critical","synthetic-object-20.fabrikam.local","[SYNTHETIC TEST DATA] Placeholder finding for 'Privileged Account with SPN (Kerberoasting Risk)', generated to exercise report rendering - not a real detection result against 'fabrikam.local' or any other domain.","[SYNTHETIC TEST DATA] Placeholder impact text for 'Privileged Account with SPN (Kerberoasting Risk)'. See src/Scoring.ps1 and the corresponding src/*.ps1 check for this Issue's real Impact wording.","[SYNTHETIC TEST DATA] Placeholder remediation text for 'Privileged Account with SPN (Kerberoasting Risk)'.","09/21/2026 20:17:10","T1558.003","vuln1_priv_spn_kerberoast","40","4","{""Tier"":""100pct"",""Synthetic"":true}","Medium - same as the non-privileged version, but the higher blast radius (a privileged account) makes coordinating the gMSA migration or password rotation with the service owner more urgent.","A privileged service account with an SPN and a weak/crackable password is a high-value Kerberoasting target, since cracking it yields privileged access directly; migrating to a gMSA is the standard fix but requires the hosting application to support it.","Easy - if gMSA migration isn't viable, revert to the original account with a long/complex manually-set password; no data loss, though any ticket captured before the change remains crackable until the old password is retired.","",""
"Read-Only Domain Controller Security Posture","Privileged Account Revealed to RODC","Critical","synthetic-object-21.fabrikam.local","[SYNTHETIC TEST DATA] Placeholder finding for 'Privileged Account Revealed to RODC', generated to exercise report rendering - not a real detection result against 'fabrikam.local' or any other domain.","[SYNTHETIC TEST DATA] Placeholder impact text for 'Privileged Account Revealed to RODC'. See src/Scoring.ps1 and the corresponding src/*.ps1 check for this Issue's real Impact wording.","[SYNTHETIC TEST DATA] Placeholder remediation text for 'Privileged Account Revealed to RODC'.","09/21/2026 20:17:10","T1003","vuln1_rodc_privileged_revealed","40","4","{""Tier"":""100pct"",""Synthetic"":true}","Medium - the exposed account's password must be reset and the Password Replication Policy corrected; this is a credential-exposure event on that RODC, not just a config change.","Once a password has been cached on an RODC it must be treated as exposed to anyone with local admin or physical access to that RODC, per the standard RODC security model (RODCs are assumed to be physically less secure); correcting the policy going forward does not undo the existing cached credential.","Hard/Limited - the credential exposure itself can't be rolled back, only remediated by resetting the account's password; the Password Replication Policy setting itself, however, can be easily reverted.","",""
"Coercion & Relay Exposure","Print Spooler Running on Domain Controller","Critical","synthetic-object-22.fabrikam.local","[SYNTHETIC TEST DATA] Placeholder finding for 'Print Spooler Running on Domain Controller', generated to exercise report rendering - not a real detection result against 'fabrikam.local' or any other domain.","[SYNTHETIC TEST DATA] Placeholder impact text for 'Print Spooler Running on Domain Controller'. See src/Scoring.ps1 and the corresponding src/*.ps1 check for this Issue's real Impact wording.","[SYNTHETIC TEST DATA] Placeholder remediation text for 'Print Spooler Running on Domain Controller'.","09/21/2026 20:17:10","T1187","vuln1_dc_spooler_running","40","4","{""Tier"":""100pct"",""Synthetic"":true}","Low - stop and disable a single service on each DC (or via GPO).","Disabling the Spooler service on a DC breaks any printing initiated directly from that DC itself, which is essentially never a legitimate DC role; it has no effect on printing by domain clients, which don't route jobs through DCs.","Easy - re-enable and start the service; effective immediately, no data loss.","",""
"Certificate Services","Overly Permissive CA Permissions (ESC7)","Critical","synthetic-object-23.fabrikam.local","[SYNTHETIC TEST DATA] Placeholder finding for 'Overly Permissive CA Permissions (ESC7)', generated to exercise report rendering - not a real detection result against 'fabrikam.local' or any other domain.","[SYNTHETIC TEST DATA] Placeholder impact text for 'Overly Permissive CA Permissions (ESC7)'. See src/Scoring.ps1 and the corresponding src/*.ps1 check for this Issue's real Impact wording.","[SYNTHETIC TEST DATA] Placeholder remediation text for 'Overly Permissive CA Permissions (ESC7)'.","09/21/2026 20:17:10","T1649","vuln1_adcs_esc7","40","4","{""Tier"":""100pct"",""Synthetic"":true}","Medium - removing Manage CA / Manage Certificates rights from an unexpected principal on the CA object's own ACL; confirm with the PKI team it isn't a legitimate delegated administrator.","Procedural - confirm the principal isn't an active, legitimate delegated CA administrator before removing their rights.","Easy - re-add the removed permission via the CA console's Security tab; effective immediately, no data loss.","",""
"Uncategorized (Synthetic)","Non-Standard Permissions on Schema Naming Context","Critical","synthetic-object-24.fabrikam.local","[SYNTHETIC TEST DATA] Placeholder finding for 'Non-Standard Permissions on Schema Naming Context', generated to exercise report rendering - not a real detection result against 'fabrikam.local' or any other domain.","[SYNTHETIC TEST DATA] Placeholder impact text for 'Non-Standard Permissions on Schema Naming Context'. See src/Scoring.ps1 and the corresponding src/*.ps1 check for this Issue's real Impact wording.","[SYNTHETIC TEST DATA] Placeholder remediation text for 'Non-Standard Permissions on Schema Naming Context'.","09/21/2026 20:17:10","T1098","vuln1_schema_nc_acl","40","4","{""Tier"":""100pct"",""Synthetic"":true}","","","","",""
"Uncategorized (Synthetic)","Non-Standard Permissions on Configuration Naming Context","Critical","synthetic-object-25.fabrikam.local","[SYNTHETIC TEST DATA] Placeholder finding for 'Non-Standard Permissions on Configuration Naming Context', generated to exercise report rendering - not a real detection result against 'fabrikam.local' or any other domain.","[SYNTHETIC TEST DATA] Placeholder impact text for 'Non-Standard Permissions on Configuration Naming Context'. See src/Scoring.ps1 and the corresponding src/*.ps1 check for this Issue's real Impact wording.","[SYNTHETIC TEST DATA] Placeholder remediation text for 'Non-Standard Permissions on Configuration Naming Context'.","09/21/2026 20:17:10","T1098","vuln1_config_nc_acl","40","4","{""Tier"":""100pct"",""Synthetic"":true}","","","","",""
"AdminSDHolder","Non-Standard Permissions on AdminSDHolder","Critical","synthetic-object-26.fabrikam.local","[SYNTHETIC TEST DATA] Placeholder finding for 'Non-Standard Permissions on AdminSDHolder', generated to exercise report rendering - not a real detection result against 'fabrikam.local' or any other domain.","[SYNTHETIC TEST DATA] Placeholder impact text for 'Non-Standard Permissions on AdminSDHolder'. See src/Scoring.ps1 and the corresponding src/*.ps1 check for this Issue's real Impact wording.","[SYNTHETIC TEST DATA] Placeholder remediation text for 'Non-Standard Permissions on AdminSDHolder'.","09/21/2026 20:17:10","T1098","vuln1_adminsdholder_acl","40","4","{""Tier"":""100pct"",""Synthetic"":true}","Medium - a single-object ACE removal, but AdminSDHolder's SDProp mechanism propagates the corrected ACL to every protected (Tier-0) object domain-wide, so confirm the trustee isn't a legitimate delegated Tier-0 management tool first.","Procedural - confirm the trustee isn't an intentional, currently-used Tier-0 delegation before removing; there is no realistic legitimate compatibility break otherwise.","Moderate - export the current ACL first; full effect across every protected object depends on SDProp's next propagation cycle, not just AD replication.","",""
"DNS Security","Non-Default Members in DnsAdmins","Critical","synthetic-object-27.fabrikam.local","[SYNTHETIC TEST DATA] Placeholder finding for 'Non-Default Members in DnsAdmins', generated to exercise report rendering - not a real detection result against 'fabrikam.local' or any other domain.","[SYNTHETIC TEST DATA] Placeholder impact text for 'Non-Default Members in DnsAdmins'. See src/Scoring.ps1 and the corresponding src/*.ps1 check for this Issue's real Impact wording.","[SYNTHETIC TEST DATA] Placeholder remediation text for 'Non-Default Members in DnsAdmins'.","09/21/2026 20:17:10","T1574.002","vuln1_dnsadmins_members","40","4","{""Tier"":""100pct"",""Synthetic"":true}","Low - removing an unexpected member from one group.","DnsAdmins membership is a well-documented privilege-escalation vector (historical DNS-server-service DLL abuse); removing an unexpected member has no legitimate compatibility risk beyond that person losing DNS management rights, so confirm with them first.","Easy - re-add the member if needed; effective on next Kerberos ticket refresh, no data loss.","",""
"Managed Service Accounts","Non-Default Access to gMSA KDS Root Key","Critical","synthetic-object-28.fabrikam.local","[SYNTHETIC TEST DATA] Placeholder finding for 'Non-Default Access to gMSA KDS Root Key', generated to exercise report rendering - not a real detection result against 'fabrikam.local' or any other domain.","[SYNTHETIC TEST DATA] Placeholder impact text for 'Non-Default Access to gMSA KDS Root Key'. See src/Scoring.ps1 and the corresponding src/*.ps1 check for this Issue's real Impact wording.","[SYNTHETIC TEST DATA] Placeholder remediation text for 'Non-Default Access to gMSA KDS Root Key'.","09/21/2026 20:17:10","T1552.005","vuln1_gmsa_kds_root_key","40","4","{""Tier"":""100pct"",""Synthetic"":true}","Low - a targeted ACE removal on one forest-level container, but confirm the principal isn't a legitimate delegated PKI/identity-management tool before removing.","No legitimate gMSA host or consumer needs direct access to the KDS root key object itself (they retrieve their own gMSA's password via msDS-ManagedPassword, not this key) - removing an unexpected grant has no legitimate compatibility impact unless it is an undocumented, currently-in-use PKI/identity tool, so confirm first.","Moderate - export the current ACL before removing the specific ACE(s) so they can be restored if a legitimate dependency surfaces.","",""
"Domain Security","Non-Default Access to Domain DPAPI Backup Key","Critical","synthetic-object-29.fabrikam.local","[SYNTHETIC TEST DATA] Placeholder finding for 'Non-Default Access to Domain DPAPI Backup Key', generated to exercise report rendering - not a real detection result against 'fabrikam.local' or any other domain.","[SYNTHETIC TEST DATA] Placeholder impact text for 'Non-Default Access to Domain DPAPI Backup Key'. See src/Scoring.ps1 and the corresponding src/*.ps1 check for this Issue's real Impact wording.","[SYNTHETIC TEST DATA] Placeholder remediation text for 'Non-Default Access to Domain DPAPI Backup Key'.","09/21/2026 20:17:10","T1552.001","vuln1_dpapi_backup_key","40","4","{""Tier"":""100pct"",""Synthetic"":true}","Low - a targeted ACE removal on one or a small handful of domain-level objects, but confirm the principal isn't a legitimate, currently-used backup/recovery tool before removing.","No legitimate day-to-day workflow needs direct access to the domain DPAPI backup key objects themselves; removing an unexpected grant has no legitimate compatibility impact unless it turns out to be an undocumented, currently-in-use backup/recovery tool, so confirm first.","Moderate - export the current ACL before removing the specific ACE(s) so they can be restored if a legitimate dependency surfaces.","",""
"Legacy Auth & Name Poisoning","LM/NTLMv1 Authentication Permitted","Critical","synthetic-object-30.fabrikam.local","[SYNTHETIC TEST DATA] Placeholder finding for 'LM/NTLMv1 Authentication Permitted', generated to exercise report rendering - not a real detection result against 'fabrikam.local' or any other domain.","[SYNTHETIC TEST DATA] Placeholder impact text for 'LM/NTLMv1 Authentication Permitted'. See src/Scoring.ps1 and the corresponding src/*.ps1 check for this Issue's real Impact wording.","[SYNTHETIC TEST DATA] Placeholder remediation text for 'LM/NTLMv1 Authentication Permitted'.","09/21/2026 20:17:10","T1557.001","vuln1_lm_ntlmv1_permitted","40","4","{""Tier"":""100pct"",""Synthetic"":true}","Medium - raising the LAN Manager authentication level domain-wide can break very old clients/devices, so audit NTLM usage first, per Microsoft's own documented audit-before-enforce guidance.","Enforcing NTLMv2-only will break authentication for legacy devices or applications that only support LM or NTLMv1 (older network appliances, some legacy SMB/CIFS-based systems).","Easy - revert the LAN Manager authentication level GPO setting; effective at next Group Policy refresh, no data loss.","",""
"Coercion & Relay Exposure","LDAP Signing Not Enforced on Domain Controller","Critical","synthetic-object-31.fabrikam.local","[SYNTHETIC TEST DATA] Placeholder finding for 'LDAP Signing Not Enforced on Domain Controller', generated to exercise report rendering - not a real detection result against 'fabrikam.local' or any other domain.","[SYNTHETIC TEST DATA] Placeholder impact text for 'LDAP Signing Not Enforced on Domain Controller'. See src/Scoring.ps1 and the corresponding src/*.ps1 check for this Issue's real Impact wording.","[SYNTHETIC TEST DATA] Placeholder remediation text for 'LDAP Signing Not Enforced on Domain Controller'.","09/21/2026 20:17:10","T1557.001","vuln1_ldap_signing_not_enforced","40","4","{""Tier"":""100pct"",""Synthetic"":true}","Medium - a domain/DC-wide GPO or registry setting; Microsoft's own LDAP-signing hardening guidance recommends an audit period before enforcing.","Enforcing LDAP signing can break unsigned-LDAP clients, applications, or network appliances, a documented compatibility concern in Microsoft's LDAP signing advisory.","Easy - revert the GPO/registry setting; effective at next policy refresh, no data loss.","Monitor Directory Service event ID 2887 (count of unsigned LDAP binds) before enforcing, per Microsoft's own documented rollout guidance.",""
"Coercion & Relay Exposure","LDAP Channel Binding Not Enforced","Critical","synthetic-object-32.fabrikam.local","[SYNTHETIC TEST DATA] Placeholder finding for 'LDAP Channel Binding Not Enforced', generated to exercise report rendering - not a real detection result against 'fabrikam.local' or any other domain.","[SYNTHETIC TEST DATA] Placeholder impact text for 'LDAP Channel Binding Not Enforced'. See src/Scoring.ps1 and the corresponding src/*.ps1 check for this Issue's real Impact wording.","[SYNTHETIC TEST DATA] Placeholder remediation text for 'LDAP Channel Binding Not Enforced'.","09/21/2026 20:17:10","T1557.001","vuln1_ldap_channel_binding_not_enforced","40","4","{""Tier"":""100pct"",""Synthetic"":true}","Medium - a domain-wide registry/GPO setting on every DC; Microsoft's own guidance recommends a phased ""when supported"" rollout before enforcing, due to legacy client compatibility.","Enforcing LDAP channel binding can break LDAPS-based clients or appliances that don't support channel binding tokens, per Microsoft's own documented compatibility guidance.","Easy - revert the registry value/GPO setting; effective after next policy refresh/service restart, no data loss.","",""
"Kerberos Security","KRBTGT Password Age Exceeds Recommended Threshold","Critical","synthetic-object-33.fabrikam.local","[SYNTHETIC TEST DATA] Placeholder finding for 'KRBTGT Password Age Exceeds Recommended Threshold', generated to exercise report rendering - not a real detection result against 'fabrikam.local' or any other domain.","[SYNTHETIC TEST DATA] Placeholder impact text for 'KRBTGT Password Age Exceeds Recommended Threshold'. See src/Scoring.ps1 and the corresponding src/*.ps1 check for this Issue's real Impact wording.","[SYNTHETIC TEST DATA] Placeholder remediation text for 'KRBTGT Password Age Exceeds Recommended Threshold'.","09/21/2026 20:17:10","T1558.001","vuln1_krbtgt_age","40","4","{""Tier"":""100pct"",""Synthetic"":true}","Medium - a KRBTGT reset needs to be done twice, roughly a replication cycle apart, to fully invalidate old tickets - this is a documented, deliberate two-step process, not a single trivial change.","Resetting KRBTGT invalidates existing Kerberos tickets domain-wide once fully replicated; doing both resets in quick succession without allowing replication between them is the well-documented way to cause a temporary authentication disruption, so pace them one replication cycle apart.","Hard/Limited - a password reset cannot be undone to the old value, only reset again; if issues arise, the fix is to complete the second reset and let replication converge, not to revert.","",""
"Group Policy","GPP cpassword Found in SYSVOL","Critical","synthetic-object-34.fabrikam.local","[SYNTHETIC TEST DATA] Placeholder finding for 'GPP cpassword Found in SYSVOL', generated to exercise report rendering - not a real detection result against 'fabrikam.local' or any other domain.","[SYNTHETIC TEST DATA] Placeholder impact text for 'GPP cpassword Found in SYSVOL'. See src/Scoring.ps1 and the corresponding src/*.ps1 check for this Issue's real Impact wording.","[SYNTHETIC TEST DATA] Placeholder remediation text for 'GPP cpassword Found in SYSVOL'.","09/21/2026 20:17:10","T1552.006","vuln1_gpp_cpassword","40","4","{""Tier"":""100pct"",""Synthetic"":true}","Medium - the embedded account's password must be rotated everywhere it's used (it's already fully compromised) and the GPP item removed or recreated without cpassword.","The embedded password is trivially decryptable by any authenticated user, since Microsoft publicly released the AES key used for GPP cpassword encryption after MS14-025 - treat it as already fully compromised and rotate the account's password before or immediately after removing the GPP item.","Hard/Limited - like the logon-script credential finding, this isn't a reversible setting; the exposure already happened and the credential must be rotated, not restored.","",""
"Legacy Auth & Name Poisoning","GPO Permits LM Hash Storage","Critical","synthetic-object-35.fabrikam.local","[SYNTHETIC TEST DATA] Placeholder finding for 'GPO Permits LM Hash Storage', generated to exercise report rendering - not a real detection result against 'fabrikam.local' or any other domain.","[SYNTHETIC TEST DATA] Placeholder impact text for 'GPO Permits LM Hash Storage'. See src/Scoring.ps1 and the corresponding src/*.ps1 check for this Issue's real Impact wording.","[SYNTHETIC TEST DATA] Placeholder remediation text for 'GPO Permits LM Hash Storage'.","09/21/2026 20:17:10","T1557.001","vuln1_lm_hash_storage","40","4","{""Tier"":""100pct"",""Synthetic"":true}","Low - a single GPO setting applied domain-wide; existing LM hashes clear naturally as passwords are next changed.","No legitimate modern workflow depends on LM hashes being stored; the only practical consideration is that existing LM hashes persist until each account's next password change, not immediately.","Easy - revert the GPO setting; effective at next Group Policy refresh, no data loss.","",""
"Group Policy","GPO Linked to Domain Controllers with Weak Permissions","Critical","synthetic-object-36.fabrikam.local","[SYNTHETIC TEST DATA] Placeholder finding for 'GPO Linked to Domain Controllers with Weak Permissions', generated to exercise report rendering - not a real detection result against 'fabrikam.local' or any other domain.","[SYNTHETIC TEST DATA] Placeholder impact text for 'GPO Linked to Domain Controllers with Weak Permissions'. See src/Scoring.ps1 and the corresponding src/*.ps1 check for this Issue's real Impact wording.","[SYNTHETIC TEST DATA] Placeholder remediation text for 'GPO Linked to Domain Controllers with Weak Permissions'.","09/21/2026 20:17:10","T1484.001","vuln1_gpo_dc_weak_perms","40","4","{""Tier"":""100pct"",""Synthetic"":true}","Medium - removing a non-standard Edit/Write right from the GPO object itself; confirm the trustee isn't a legitimate delegated GPO-management account.","Procedural - confirm the trustee isn't a legitimate delegated GPO administrator for that specific GPO before removing their rights.","Easy - restore the GPO permission via GPMC; effective immediately, though the change still needs to replicate to all DCs.","",""
"Group Policy","GPO Grants Sensitive Logon Right to Broad Principal","Critical","synthetic-object-37.fabrikam.local","[SYNTHETIC TEST DATA] Placeholder finding for 'GPO Grants Sensitive Logon Right to Broad Principal', generated to exercise report rendering - not a real detection result against 'fabrikam.local' or any other domain.","[SYNTHETIC TEST DATA] Placeholder impact text for 'GPO Grants Sensitive Logon Right to Broad Principal'. See src/Scoring.ps1 and the corresponding src/*.ps1 check for this Issue's real Impact wording.","[SYNTHETIC TEST DATA] Placeholder remediation text for 'GPO Grants Sensitive Logon Right to Broad Principal'.","09/21/2026 20:17:10","T1078","vuln1_gpo_anonymous_logon_right","40","4","{""Tier"":""100pct"",""Synthetic"":true}","Medium - removing a broad principal from a User Rights Assignment in one GPO; confirm no legitimate broad-access scenario (e.g. an intentional kiosk deployment) depends on it.","Removing a broad principal from a sensitive logon right can lock out any system or service that currently relies on that broad grant, so confirm intent before narrowing.","Easy - revert the User Rights Assignment setting in the GPO; effective at next Group Policy refresh, no data loss.","",""
"Group Policy","GPO Deploys Restricted Groups Membership","Critical","synthetic-object-38.fabrikam.local","[SYNTHETIC TEST DATA] Placeholder finding for 'GPO Deploys Restricted Groups Membership', generated to exercise report rendering - not a real detection result against 'fabrikam.local' or any other domain.","[SYNTHETIC TEST DATA] Placeholder impact text for 'GPO Deploys Restricted Groups Membership'. See src/Scoring.ps1 and the corresponding src/*.ps1 check for this Issue's real Impact wording.","[SYNTHETIC TEST DATA] Placeholder remediation text for 'GPO Deploys Restricted Groups Membership'.","09/21/2026 20:17:10","T1098.007","vuln1_gpo_restricted_groups","40","4","{""Tier"":""100pct"",""Synthetic"":true}","Medium - editing the Restricted Groups membership list in one GPO; confirm with the owning team which members are actually still needed before removing any.","Removing a member that legitimately needs local admin/RDP/backup rights on the affected computers will revoke that access at the next Group Policy refresh - confirm current legitimate use before narrowing.","Easy - restore the prior Restricted Groups membership list in the GPO; effective at next Group Policy refresh, no data loss.","",""
"Managed Service Accounts","gMSA Password Retrievable by Broad Principal","Critical","synthetic-object-39.fabrikam.local","[SYNTHETIC TEST DATA] Placeholder finding for 'gMSA Password Retrievable by Broad Principal', generated to exercise report rendering - not a real detection result against 'fabrikam.local' or any other domain.","[SYNTHETIC TEST DATA] Placeholder impact text for 'gMSA Password Retrievable by Broad Principal'. See src/Scoring.ps1 and the corresponding src/*.ps1 check for this Issue's real Impact wording.","[SYNTHETIC TEST DATA] Placeholder remediation text for 'gMSA Password Retrievable by Broad Principal'.","09/21/2026 20:17:10","T1552.005","vuln1_gmsa_broad_retrieval","40","4","{""Tier"":""100pct"",""Synthetic"":true}","Low - a single-attribute change on the gMSA object; confirm the actual hosting server(s) first so they remain in the narrowed list.","If the narrowed list omits a server that legitimately hosts this service, that server will fail to retrieve the password at its next rotation/lookup and the service will stop authenticating - confirm every real host before narrowing.","Easy - restore the prior PrincipalsAllowedToRetrieveManagedPassword value; takes effect immediately, no data loss.","",""
"Exchange-in-AD Privilege Escalation","Exchange Group Holds WriteDACL on Domain Object","Critical","synthetic-object-40.fabrikam.local","[SYNTHETIC TEST DATA] Placeholder finding for 'Exchange Group Holds WriteDACL on Domain Object', generated to exercise report rendering - not a real detection result against 'fabrikam.local' or any other domain.","[SYNTHETIC TEST DATA] Placeholder impact text for 'Exchange Group Holds WriteDACL on Domain Object'. See src/Scoring.ps1 and the corresponding src/*.ps1 check for this Issue's real Impact wording.","[SYNTHETIC TEST DATA] Placeholder remediation text for 'Exchange Group Holds WriteDACL on Domain Object'.","09/21/2026 20:17:10","T1098","vuln1_exchange_domain_writedacl","40","4","{""Tier"":""100pct"",""Synthetic"":true}","Medium - removing this legacy right requires confirming the current Exchange version/CU no longer needs it and coordinating with the Exchange admin team.","Some Exchange functionality - particularly on older CUs that still expect this legacy permission model - can break if the right is removed while an in-place Exchange server still depends on it; confirm current CU-level guidance before removing.","Moderate - export the domain object's ACL before removing the ACE so it can be restored if Exchange functionality is affected; changes follow normal AD replication.","",""
"Attack Paths","Everyone/Authenticated Users on a Control Path to Tier-0","Critical","synthetic-object-41.fabrikam.local","[SYNTHETIC TEST DATA] Placeholder finding for 'Everyone/Authenticated Users on a Control Path to Tier-0', generated to exercise report rendering - not a real detection result against 'fabrikam.local' or any other domain.","[SYNTHETIC TEST DATA] Placeholder impact text for 'Everyone/Authenticated Users on a Control Path to Tier-0'. See src/Scoring.ps1 and the corresponding src/*.ps1 check for this Issue's real Impact wording.","[SYNTHETIC TEST DATA] Placeholder remediation text for 'Everyone/Authenticated Users on a Control Path to Tier-0'.","09/21/2026 20:17:10","T1098","vuln1_control_path_broad","40","4","{""Tier"":""100pct"",""Synthetic"":true}","Medium - breaking one specific hop (a group nesting or ACE) in the chain; effort scales with how many hops and objects are involved for a given path.","Removing the identified hop could break a legitimate, if poorly documented, delegation model if the chain was set up intentionally rather than accidentally, so confirm with the object owner before removing.","Moderate - export the specific ACE or group membership being removed so it can be restored, then re-run this audit to confirm the path no longer resolves.","",""
"Certificate Services","Enrollment Agent Template with Low-Privilege Enrollment (ESC3)","Critical","synthetic-object-42.fabrikam.local","[SYNTHETIC TEST DATA] Placeholder finding for 'Enrollment Agent Template with Low-Privilege Enrollment (ESC3)', generated to exercise report rendering - not a real detection result against 'fabrikam.local' or any other domain.","[SYNTHETIC TEST DATA] Placeholder impact text for 'Enrollment Agent Template with Low-Privilege Enrollment (ESC3)'. See src/Scoring.ps1 and the corresponding src/*.ps1 check for this Issue's real Impact wording.","[SYNTHETIC TEST DATA] Placeholder remediation text for 'Enrollment Agent Template with Low-Privilege Enrollment (ESC3)'.","09/21/2026 20:17:10","T1649","vuln1_adcs_esc3","40","4","{""Tier"":""100pct"",""Synthetic"":true}","Medium - restricting who can enroll for the enrollment-agent template requires confirming which automated on-behalf-of enrollment process currently uses it.","Restricting enrollment agent template access can break an automated on-behalf-of enrollment process that currently relies on the broader access.","Easy - restore the enrollment permission on the template if needed; effective immediately.","",""
"Stale-Object & Hygiene Depth","Domain Controller Registration Inconsistent","Critical","synthetic-object-43.fabrikam.local","[SYNTHETIC TEST DATA] Placeholder finding for 'Domain Controller Registration Inconsistent', generated to exercise report rendering - not a real detection result against 'fabrikam.local' or any other domain.","[SYNTHETIC TEST DATA] Placeholder impact text for 'Domain Controller Registration Inconsistent'. See src/Scoring.ps1 and the corresponding src/*.ps1 check for this Issue's real Impact wording.","[SYNTHETIC TEST DATA] Placeholder remediation text for 'Domain Controller Registration Inconsistent'.","09/21/2026 20:17:10","T1207","vuln1_dc_registration_inconsistent","40","4","{""Tier"":""100pct"",""Synthetic"":true}","Medium - typically a single-object correction per affected DC, but requires confirming the DC's intended current state (active, mid-promotion, or decommissioned) before deciding whether to correct or clean up metadata.","Correcting userAccountControl or Configuration-partition registration on a DC that is still mid-promotion/demotion, rather than genuinely stuck, could interfere with that in-progress operation - confirm the DC's actual current state first.","Moderate - record the current attribute values before correcting them; effective on next AD replication cycle.","",""
"Uncategorized (Synthetic)","DC Vulnerable to MS17-010","Critical","synthetic-object-44.fabrikam.local","[SYNTHETIC TEST DATA] Placeholder finding for 'DC Vulnerable to MS17-010', generated to exercise report rendering - not a real detection result against 'fabrikam.local' or any other domain.","[SYNTHETIC TEST DATA] Placeholder impact text for 'DC Vulnerable to MS17-010'. See src/Scoring.ps1 and the corresponding src/*.ps1 check for this Issue's real Impact wording.","[SYNTHETIC TEST DATA] Placeholder remediation text for 'DC Vulnerable to MS17-010'.","09/21/2026 20:17:10","T1210","vuln1_ms17010_unpatched","40","4","{""Tier"":""100pct"",""Synthetic"":true}","","","","",""
"Uncategorized (Synthetic)","DC Vulnerable to MS14-068","Critical","synthetic-object-45.fabrikam.local","[SYNTHETIC TEST DATA] Placeholder finding for 'DC Vulnerable to MS14-068', generated to exercise report rendering - not a real detection result against 'fabrikam.local' or any other domain.","[SYNTHETIC TEST DATA] Placeholder impact text for 'DC Vulnerable to MS14-068'. See src/Scoring.ps1 and the corresponding src/*.ps1 check for this Issue's real Impact wording.","[SYNTHETIC TEST DATA] Placeholder remediation text for 'DC Vulnerable to MS14-068'.","09/21/2026 20:17:10","T1558.001","vuln1_ms14068_unpatched","40","4","{""Tier"":""100pct"",""Synthetic"":true}","","","","",""
"Uncategorized (Synthetic)","DC Missing ZeroLogon Patch","Critical","synthetic-object-46.fabrikam.local","[SYNTHETIC TEST DATA] Placeholder finding for 'DC Missing ZeroLogon Patch', generated to exercise report rendering - not a real detection result against 'fabrikam.local' or any other domain.","[SYNTHETIC TEST DATA] Placeholder impact text for 'DC Missing ZeroLogon Patch'. See src/Scoring.ps1 and the corresponding src/*.ps1 check for this Issue's real Impact wording.","[SYNTHETIC TEST DATA] Placeholder remediation text for 'DC Missing ZeroLogon Patch'.","09/21/2026 20:17:10","T1068","vuln1_zerologon_unpatched","40","4","{""Tier"":""100pct"",""Synthetic"":true}","","","","",""
"Uncategorized (Synthetic)","DC Missing CVE-2026-72982 Patch (Netlogon RCE)","Critical","synthetic-object-47.fabrikam.local","[SYNTHETIC TEST DATA] Placeholder finding for 'DC Missing CVE-2026-72982 Patch (Netlogon RCE)', generated to exercise report rendering - not a real detection result against 'fabrikam.local' or any other domain.","[SYNTHETIC TEST DATA] Placeholder impact text for 'DC Missing CVE-2026-72982 Patch (Netlogon RCE)'. See src/Scoring.ps1 and the corresponding src/*.ps1 check for this Issue's real Impact wording.","[SYNTHETIC TEST DATA] Placeholder remediation text for 'DC Missing CVE-2026-72982 Patch (Netlogon RCE)'.","09/21/2026 20:17:10","T1210","vuln1_netlogon_cve2026_72982_unpatched","40","4","{""Tier"":""100pct"",""Synthetic"":true}","","","","",""
"Uncategorized (Synthetic)","DC Missing CVE-2026-41089 Patch (Netlogon RCE)","Critical","synthetic-object-48.fabrikam.local","[SYNTHETIC TEST DATA] Placeholder finding for 'DC Missing CVE-2026-41089 Patch (Netlogon RCE)', generated to exercise report rendering - not a real detection result against 'fabrikam.local' or any other domain.","[SYNTHETIC TEST DATA] Placeholder impact text for 'DC Missing CVE-2026-41089 Patch (Netlogon RCE)'. See src/Scoring.ps1 and the corresponding src/*.ps1 check for this Issue's real Impact wording.","[SYNTHETIC TEST DATA] Placeholder remediation text for 'DC Missing CVE-2026-41089 Patch (Netlogon RCE)'.","09/21/2026 20:17:10","T1210","vuln1_netlogon_cve2026_41089_unpatched","40","4","{""Tier"":""100pct"",""Synthetic"":true}","","","","",""
"Dangerous Permissions","Dangerous Rights on Critical OU","Critical","synthetic-object-49.fabrikam.local","[SYNTHETIC TEST DATA] Placeholder finding for 'Dangerous Rights on Critical OU', generated to exercise report rendering - not a real detection result against 'fabrikam.local' or any other domain.","[SYNTHETIC TEST DATA] Placeholder impact text for 'Dangerous Rights on Critical OU'. See src/Scoring.ps1 and the corresponding src/*.ps1 check for this Issue's real Impact wording.","[SYNTHETIC TEST DATA] Placeholder remediation text for 'Dangerous Rights on Critical OU'.","09/21/2026 20:17:10","T1098","vuln1_dangerous_ou_rights","40","4","{""Tier"":""100pct"",""Synthetic"":true}","Medium - a single-object ACE removal, but on a forest-wide replicated object, so it warrants confirming with the relevant application owner (e.g. Exchange, ADFS, or backup/DR tooling that sometimes provisions Configuration-NC rights during setup) before removing, plus a short post-change monitoring window.","Removing the ACE could break a directory-integrated product that legitimately extends the Configuration container (commonly Exchange setup/recipient-update accounts, or certain backup/DR tools) if the trustee is a genuine service account rather than a misconfiguration.","Moderate - export the object's current nTSecurityDescriptor (e.g. via dsacls or Get-Acl on the AD: PowerShell drive) before making the change so the exact ACE can be re-added if needed, and allow for AD replication convergence across all DCs before the removal is fully in effect forest-wide.","Since this ACE sits above the Public Key Services container this tool's own AD CS checks already review separately, cross-check the trustee against any known certificate-services or Exchange install accounts before removing it, to avoid duplicating remediation effort on the wrong object.",""
"Kerberos Security","Cross-Trust TGT Delegation Enabled","Critical","synthetic-object-50.fabrikam.local","[SYNTHETIC TEST DATA] Placeholder finding for 'Cross-Trust TGT Delegation Enabled', generated to exercise report rendering - not a real detection result against 'fabrikam.local' or any other domain.","[SYNTHETIC TEST DATA] Placeholder impact text for 'Cross-Trust TGT Delegation Enabled'. See src/Scoring.ps1 and the corresponding src/*.ps1 check for this Issue's real Impact wording.","[SYNTHETIC TEST DATA] Placeholder remediation text for 'Cross-Trust TGT Delegation Enabled'.","09/21/2026 20:17:10","T1558","vuln1_cross_trust_tgt_delegation","40","4","{""Tier"":""100pct"",""Synthetic"":true}","Medium - disabling this trust attribute requires confirming no legitimate application performs Kerberos delegation across that trust boundary (e.g. a multi-forest SharePoint/SQL double-hop scenario).","Disabling cross-trust TGT delegation can break any application that legitimately performs Kerberos delegation across that trust boundary.","Moderate - trust attributes can be reconfigured back via netdom/PowerShell, but requires coordination with the other domain/forest's admins to re-verify, like any other trust property change.","",""
"Kerberos Delegation","Computer Account with Unconstrained Delegation","Critical","synthetic-object-51.fabrikam.local","[SYNTHETIC TEST DATA] Placeholder finding for 'Computer Account with Unconstrained Delegation', generated to exercise report rendering - not a real detection result against 'fabrikam.local' or any other domain.","[SYNTHETIC TEST DATA] Placeholder impact text for 'Computer Account with Unconstrained Delegation'. See src/Scoring.ps1 and the corresponding src/*.ps1 check for this Issue's real Impact wording.","[SYNTHETIC TEST DATA] Placeholder remediation text for 'Computer Account with Unconstrained Delegation'.","09/21/2026 20:17:10","T1558","vuln1_unconstrained_delegation_computer","40","4","{""Tier"":""100pct"",""Synthetic"":true}","Medium - requires discovering what the host actually delegates to and reconfiguring it with an equivalent constrained/RBCD replacement before disabling the flag, not just flipping it off.","Unconstrained delegation is one of the most consequential AD misconfigurations; disabling it without configuring an equivalent constrained/RBCD replacement first will break whatever legitimate multi-hop authentication currently depends on it.","Easy - revert the TRUSTED_FOR_DELEGATION flag; effective at next Kerberos ticket request, no data loss.","",""
"Certificate Services","Certificate Template with No EKU Restrictions (ESC2)","Critical","synthetic-object-52.fabrikam.local","[SYNTHETIC TEST DATA] Placeholder finding for 'Certificate Template with No EKU Restrictions (ESC2)', generated to exercise report rendering - not a real detection result against 'fabrikam.local' or any other domain.","[SYNTHETIC TEST DATA] Placeholder impact text for 'Certificate Template with No EKU Restrictions (ESC2)'. See src/Scoring.ps1 and the corresponding src/*.ps1 check for this Issue's real Impact wording.","[SYNTHETIC TEST DATA] Placeholder remediation text for 'Certificate Template with No EKU Restrictions (ESC2)'.","09/21/2026 20:17:10","T1649","vuln1_adcs_esc2","40","4","{""Tier"":""100pct"",""Synthetic"":true}","Medium - requires validating which application relies on the current broad EKU set (e.g. a cert used for both client authentication and code signing) before narrowing it.","Restricting EKUs can break legitimate uses that rely on the current broad EKU set.","Moderate - restore the template's prior EKU configuration (via a template export/backup, e.g. PSPKI or certutil) if a legitimate use breaks; certificates already issued remain valid until revoked or expired.","",""
"Certificate Services","Certificate Template Vulnerable to Schema V1 EKU Injection (ESC15)","Critical","synthetic-object-53.fabrikam.local","[SYNTHETIC TEST DATA] Placeholder finding for 'Certificate Template Vulnerable to Schema V1 EKU Injection (ESC15)', generated to exercise report rendering - not a real detection result against 'fabrikam.local' or any other domain.","[SYNTHETIC TEST DATA] Placeholder impact text for 'Certificate Template Vulnerable to Schema V1 EKU Injection (ESC15)'. See src/Scoring.ps1 and the corresponding src/*.ps1 check for this Issue's real Impact wording.","[SYNTHETIC TEST DATA] Placeholder remediation text for 'Certificate Template Vulnerable to Schema V1 EKU Injection (ESC15)'.","09/21/2026 20:17:10","T1649","vuln1_adcs_esc15","40","4","{""Tier"":""100pct"",""Synthetic"":true}","Medium - duplicating a template as Schema V2+ and re-pointing enrollment is a routine AD CS operation, but requires confirming which systems currently enroll against the V1 original before retiring it.","Retiring a Schema V1 template can break legacy clients or workflows (e.g. very old Windows Server versions, or agents predating Schema V2 support) that specifically enroll against a V1 template - confirm no legitimate dependency before retiring rather than duplicating.","Easy - the original Schema V1 template is unaffected by publishing a new V2+ duplicate alongside it; only retiring/unpublishing the V1 original needs to be reversible (re-publish it) if an unexpected dependency surfaces.","",""
"Certificate Services","Certificate Template Issuance Policy Linked to Privileged Group (ESC13)","Critical","synthetic-object-54.fabrikam.local","[SYNTHETIC TEST DATA] Placeholder finding for 'Certificate Template Issuance Policy Linked to Privileged Group (ESC13)', generated to exercise report rendering - not a real detection result against 'fabrikam.local' or any other domain.","[SYNTHETIC TEST DATA] Placeholder impact text for 'Certificate Template Issuance Policy Linked to Privileged Group (ESC13)'. See src/Scoring.ps1 and the corresponding src/*.ps1 check for this Issue's real Impact wording.","[SYNTHETIC TEST DATA] Placeholder remediation text for 'Certificate Template Issuance Policy Linked to Privileged Group (ESC13)'.","09/21/2026 20:17:10","T1649","vuln1_adcs_esc13","40","4","{""Tier"":""100pct"",""Synthetic"":true}","Medium - confirm whether the OID-to-group link is an intentional AD FS claims scenario before removing it, since removing it changes real, currently-working claims-based access for legitimate users too.","Removing the group link breaks any legitimate AD FS claims-based access that currently depends on it - confirm the link is unintentional/unused before removing.","Easy - restore the msDS-OIDToGroupLink value on the OID object if needed; effective immediately.","",""
"Certificate Services","Certificate Template Allows Subject Alternative Name (ESC1)","Critical","synthetic-object-55.fabrikam.local","[SYNTHETIC TEST DATA] Placeholder finding for 'Certificate Template Allows Subject Alternative Name (ESC1)', generated to exercise report rendering - not a real detection result against 'fabrikam.local' or any other domain.","[SYNTHETIC TEST DATA] Placeholder impact text for 'Certificate Template Allows Subject Alternative Name (ESC1)'. See src/Scoring.ps1 and the corresponding src/*.ps1 check for this Issue's real Impact wording.","[SYNTHETIC TEST DATA] Placeholder remediation text for 'Certificate Template Allows Subject Alternative Name (ESC1)'.","09/21/2026 20:17:10","T1649","vuln1_adcs_esc1","40","4","{""Tier"":""100pct"",""Synthetic"":true}","Medium - requires disabling ""supply subject in request"" or restricting enrollment rights, and confirming which systems currently request from this template before changing it.","Disabling attacker-controllable SAN (CT_FLAG_ENROLLEE_SUPPLIES_SUBJECT) can break legitimate workflows that rely on supplying a SAN at request time, such as some non-Windows or automated enrollment clients.","Moderate - AD CS templates are versioned, so a prior version's settings can be restored and republished; however, any certificates already issued during the vulnerable window remain valid until revoked or expired, so this isn't a full rollback of the exposure itself.","",""
"Certificate Services","Certificate Template Allows Arbitrary Server Certificate (ESC17)","Critical","synthetic-object-56.fabrikam.local","[SYNTHETIC TEST DATA] Placeholder finding for 'Certificate Template Allows Arbitrary Server Certificate (ESC17)', generated to exercise report rendering - not a real detection result against 'fabrikam.local' or any other domain.","[SYNTHETIC TEST DATA] Placeholder impact text for 'Certificate Template Allows Arbitrary Server Certificate (ESC17)'. See src/Scoring.ps1 and the corresponding src/*.ps1 check for this Issue's real Impact wording.","[SYNTHETIC TEST DATA] Placeholder remediation text for 'Certificate Template Allows Arbitrary Server Certificate (ESC17)'.","09/21/2026 20:17:10","T1649","vuln1_adcs_esc17","40","4","{""Tier"":""100pct"",""Synthetic"":true}","Medium - same considerations as ESC1: confirm which systems currently request server certificates from this template before narrowing SAN supply or enrollment rights.","Restricting enrollee-supplied SAN or enrollment rights can break legitimate automated server-certificate provisioning that currently relies on this template's current configuration.","Moderate - AD CS templates are versioned, so a prior version's settings can be restored and republished; certificates already issued during the vulnerable window remain valid until revoked or expired.","",""
"Certificate Services","CA-Wide Security Extension Disabled (ESC16)","Critical","synthetic-object-57.fabrikam.local","[SYNTHETIC TEST DATA] Placeholder finding for 'CA-Wide Security Extension Disabled (ESC16)', generated to exercise report rendering - not a real detection result against 'fabrikam.local' or any other domain.","[SYNTHETIC TEST DATA] Placeholder impact text for 'CA-Wide Security Extension Disabled (ESC16)'. See src/Scoring.ps1 and the corresponding src/*.ps1 check for this Issue's real Impact wording.","[SYNTHETIC TEST DATA] Placeholder remediation text for 'CA-Wide Security Extension Disabled (ESC16)'.","09/21/2026 20:17:10","T1649","vuln1_adcs_esc16","40","4","{""Tier"":""100pct"",""Synthetic"":true}","Low - a single registry list entry; this setting has no known legitimate ongoing use in a modern (KB5014754+) environment.","Minimal - re-enabling the extension only adds information to newly-issued certificates; it does not change any existing legitimate authentication behavior.","Easy - the change is a single registry value; re-add the OID to DisableExtensionList and restart CertSvc to restore the prior behavior if needed, with no data loss.","",""
"Certificate Services","CA-Wide SAN Attribute Flag Enabled (ESC6)","Critical","synthetic-object-58.fabrikam.local","[SYNTHETIC TEST DATA] Placeholder finding for 'CA-Wide SAN Attribute Flag Enabled (ESC6)', generated to exercise report rendering - not a real detection result against 'fabrikam.local' or any other domain.","[SYNTHETIC TEST DATA] Placeholder impact text for 'CA-Wide SAN Attribute Flag Enabled (ESC6)'. See src/Scoring.ps1 and the corresponding src/*.ps1 check for this Issue's real Impact wording.","[SYNTHETIC TEST DATA] Placeholder remediation text for 'CA-Wide SAN Attribute Flag Enabled (ESC6)'.","09/21/2026 20:17:10","T1649","vuln1_adcs_esc6_san_flag","40","4","{""Tier"":""100pct"",""Synthetic"":true}","Medium - a single registry flag, but requires first identifying which templates/workflows (if any) currently rely on CA-wide SAN supply so their enrollment isn't broken.","Clearing this flag breaks enrollment for any legitimate workflow that currently depends on supplying a SAN CA-wide (rather than via an individual template's own Enrollee Supplies Subject setting) - identify and migrate those workflows to per-template configuration first.","Easy - the change is a single registry value; re-enable via certutil and restart CertSvc to restore the prior behavior immediately if something breaks, with no data loss.","",""
"Certificate Services","CA Web Enrollment over HTTP (ESC8)","Critical","synthetic-object-59.fabrikam.local","[SYNTHETIC TEST DATA] Placeholder finding for 'CA Web Enrollment over HTTP (ESC8)', generated to exercise report rendering - not a real detection result against 'fabrikam.local' or any other domain.","[SYNTHETIC TEST DATA] Placeholder impact text for 'CA Web Enrollment over HTTP (ESC8)'. See src/Scoring.ps1 and the corresponding src/*.ps1 check for this Issue's real Impact wording.","[SYNTHETIC TEST DATA] Placeholder remediation text for 'CA Web Enrollment over HTTP (ESC8)'.","09/21/2026 20:17:10","T1649","vuln1_adcs_esc8","40","4","{""Tier"":""100pct"",""Synthetic"":true}","Medium - requires enabling HTTPS web enrollment (certificate + IIS binding) and usually coordination with whoever manages the CA's IIS instance; confirm no client submits enrollment requests over plain HTTP first.","Enforcing HTTPS-only web enrollment can break legacy clients or scripts that submit requests over plain HTTP until they're updated to the HTTPS endpoint.","Moderate - revert the IIS binding/auth settings and re-enable the HTTP endpoint if needed; requires an IIS restart but no data loss.","HTTPS alone doesn't fully close ESC8's NTLM relay risk without Extended Protection for Authentication (EPA) also enabled - consider enabling EPA on the enrollment endpoint at the same time.",""
"Certificate Services","CA RPC Enrollment Encryption Not Enforced (ESC11)","Critical","synthetic-object-60.fabrikam.local","[SYNTHETIC TEST DATA] Placeholder finding for 'CA RPC Enrollment Encryption Not Enforced (ESC11)', generated to exercise report rendering - not a real detection result against 'fabrikam.local' or any other domain.","[SYNTHETIC TEST DATA] Placeholder impact text for 'CA RPC Enrollment Encryption Not Enforced (ESC11)'. See src/Scoring.ps1 and the corresponding src/*.ps1 check for this Issue's real Impact wording.","[SYNTHETIC TEST DATA] Placeholder remediation text for 'CA RPC Enrollment Encryption Not Enforced (ESC11)'.","09/21/2026 20:17:10","T1649","vuln1_adcs_esc11","40","4","{""Tier"":""100pct"",""Synthetic"":true}","Low - a single registry flag; the on-by-default setting is occasionally disabled for legacy client compatibility (e.g. Windows XP), so confirm no such client still enrolls against this CA before enabling.","Enabling packet-privacy enforcement will break enrollment for any client that cannot negotiate RPC_C_AUTHN_LEVEL_PKT_PRIVACY - in practice, only very old (pre-Vista-era) clients, which should not be enrolling in a modern environment regardless.","Easy - the change is a single registry value; revert with certutil -setreg CA\InterfaceFlags -IF_ENFORCEENCRYPTICERTREQUEST and restart CertSvc if something breaks.","",""
"Certificate Services","CA Chase-Fallback Enabled (CVE-2026-54121 / Certighost Exposure)","Critical","synthetic-object-61.fabrikam.local","[SYNTHETIC TEST DATA] Placeholder finding for 'CA Chase-Fallback Enabled (CVE-2026-54121 / Certighost Exposure)', generated to exercise report rendering - not a real detection result against 'fabrikam.local' or any other domain.","[SYNTHETIC TEST DATA] Placeholder impact text for 'CA Chase-Fallback Enabled (CVE-2026-54121 / Certighost Exposure)'. See src/Scoring.ps1 and the corresponding src/*.ps1 check for this Issue's real Impact wording.","[SYNTHETIC TEST DATA] Placeholder remediation text for 'CA Chase-Fallback Enabled (CVE-2026-54121 / Certighost Exposure)'.","09/21/2026 20:17:10","T1649","vuln1_adcs_certighost_chase","40","4","{""Tier"":""100pct"",""Synthetic"":true}","High - before disabling the flag or patching, requires discovering which cross-domain/cross-forest enrollment workflows (if any) depend on the chase fallback across every CA, since Microsoft's own advisory notes the registry mitigation was validated only in a lab and should be tested per-CA before production rollout.","Clearing the flag (or the patch's added validation) can break certificate enrollment for legitimate cross-domain or cross-forest clients that rely on the CA's chase behavior to resolve a client-DC hint the CA cannot otherwise reach directly.","Easy - the change is a single registry value; if a legitimate enrollment workflow breaks, re-enable EDITF_ENABLECHASECLIENTDC via certutil and restart CertSvc to restore the prior behavior immediately, with no data loss.","Re-enabling the flag as a rollback restores the CVE-2026-54121 exposure, so treat it as strictly temporary and monitor Certificate Services event ID 4886 (a cert request carrying a client-DC hint that doesn't match a known DC) while investigating any dependency.",""
"AdminSDHolder","AdminSDHolder Inheritance Re-Enabled","Critical","synthetic-object-62.fabrikam.local","[SYNTHETIC TEST DATA] Placeholder finding for 'AdminSDHolder Inheritance Re-Enabled', generated to exercise report rendering - not a real detection result against 'fabrikam.local' or any other domain.","[SYNTHETIC TEST DATA] Placeholder impact text for 'AdminSDHolder Inheritance Re-Enabled'. See src/Scoring.ps1 and the corresponding src/*.ps1 check for this Issue's real Impact wording.","[SYNTHETIC TEST DATA] Placeholder remediation text for 'AdminSDHolder Inheritance Re-Enabled'.","09/21/2026 20:17:10","T1098","vuln1_adminsdholder_inheritance","40","4","{""Tier"":""100pct"",""Synthetic"":true}","Low - toggling inheritance protection back on for a single object, but review the full resulting ACL afterward for anything unexpected that inheritance may have introduced.","Re-protecting from inheritance removes any inherited ACEs currently in effect on AdminSDHolder; confirm none of them were an intentional (if unusual) delegation before re-protecting, though this is not expected to be the case for this specific object.","Moderate - export the full current ACL (including inherited ACEs) before changing the protection flag, so anything unexpectedly lost can be reviewed and, if genuinely needed, re-added explicitly.","",""
"Admin Equivalence","AdminSDHolder ACL Compromise","Critical","synthetic-object-63.fabrikam.local","[SYNTHETIC TEST DATA] Placeholder finding for 'AdminSDHolder ACL Compromise', generated to exercise report rendering - not a real detection result against 'fabrikam.local' or any other domain.","[SYNTHETIC TEST DATA] Placeholder impact text for 'AdminSDHolder ACL Compromise'. See src/Scoring.ps1 and the corresponding src/*.ps1 check for this Issue's real Impact wording.","[SYNTHETIC TEST DATA] Placeholder remediation text for 'AdminSDHolder ACL Compromise'.","09/21/2026 20:17:10","T1098","vuln1_adminsdholder_compromise","40","4","{""Tier"":""100pct"",""Synthetic"":true}","Low - removing a single unauthorized ACE from one object (AdminSDHolder); SDProp then reapplies the corrected ACL to every protected object automatically.","Low technical risk; an unauthorized ACE here grants no legitimate capability, so removing it has no realistic compatibility impact beyond confirming it isn't a very recent, still-being-configured delegation.","Moderate - export the current AdminSDHolder ACL (dsacls or Get-Acl) before removing the ACE so it can be restored if needed; the correction only reaches every protected Tier-0 object once SDProp's next propagation cycle runs, not instantly.","SDProp runs on a periodic interval (roughly hourly by default), so previously-protected objects keep the old, compromised ACL until the next cycle completes.",""
"Domain Security","Account Lockout Disabled","Critical","synthetic-object-64.fabrikam.local","[SYNTHETIC TEST DATA] Placeholder finding for 'Account Lockout Disabled', generated to exercise report rendering - not a real detection result against 'fabrikam.local' or any other domain.","[SYNTHETIC TEST DATA] Placeholder impact text for 'Account Lockout Disabled'. See src/Scoring.ps1 and the corresponding src/*.ps1 check for this Issue's real Impact wording.","[SYNTHETIC TEST DATA] Placeholder remediation text for 'Account Lockout Disabled'.","09/21/2026 20:17:10","T1110","vuln1_lockout_disabled","40","4","{""Tier"":""100pct"",""Synthetic"":true}","Medium - a Default Domain Policy GPO change; confirm any legitimate break-glass/service accounts that must never lock out are covered by a separate Fine-Grained Password Policy first, since this change applies domain-wide.","Enabling lockout can itself become a denial-of-service vector if an attacker deliberately fails logons for a target account to lock it out - a documented trade-off, not a reason to leave lockout disabled entirely.","Easy - revert the GPO setting; effective at next Group Policy refresh, no data loss.","",""
"Domain Security","Weak Minimum Password Length","High","synthetic-object-65.fabrikam.local","[SYNTHETIC TEST DATA] Placeholder finding for 'Weak Minimum Password Length', generated to exercise report rendering - not a real detection result against 'fabrikam.local' or any other domain.","[SYNTHETIC TEST DATA] Placeholder impact text for 'Weak Minimum Password Length'. See src/Scoring.ps1 and the corresponding src/*.ps1 check for this Issue's real Impact wording.","[SYNTHETIC TEST DATA] Placeholder remediation text for 'Weak Minimum Password Length'.","09/21/2026 20:17:10","T1110","vuln2_weak_min_pwd_length","20","3","{""Tier"":""100pct"",""Synthetic"":true}","Medium - a Default Domain Policy GPO change affecting every future password change; needs a short monitoring window as users adjust.","Minimal technical risk; may increase helpdesk load and require re-training users with short passwords, since the new minimum only applies at each account's next password change.","Easy - revert the GPO value; effective at next Group Policy refresh, no data loss, not retroactive.","",""
"Certificate Services","Weak Explicit Certificate Mapping on Privileged Account (ESC14)","High","synthetic-object-66.fabrikam.local","[SYNTHETIC TEST DATA] Placeholder finding for 'Weak Explicit Certificate Mapping on Privileged Account (ESC14)', generated to exercise report rendering - not a real detection result against 'fabrikam.local' or any other domain.","[SYNTHETIC TEST DATA] Placeholder impact text for 'Weak Explicit Certificate Mapping on Privileged Account (ESC14)'. See src/Scoring.ps1 and the corresponding src/*.ps1 check for this Issue's real Impact wording.","[SYNTHETIC TEST DATA] Placeholder remediation text for 'Weak Explicit Certificate Mapping on Privileged Account (ESC14)'.","09/21/2026 20:17:10","T1649","vuln2_adcs_esc14","20","3","{""Tier"":""100pct"",""Synthetic"":true}","Medium - requires identifying the specific certificate this mapping should be bound to and updating altSecurityIdentities accordingly, coordinated with whoever manages the account's smart card/certificate.","Replacing the mapping incorrectly (wrong SKI/key hash) will break this account's certificate-based authentication until corrected - verify the target certificate before changing.","Easy - restore the prior altSecurityIdentities value if needed; effective immediately, no data loss.","",""
"Certificate Services","Weak Certificate Binding Compensation Enabled (ESC10)","High","synthetic-object-67.fabrikam.local","[SYNTHETIC TEST DATA] Placeholder finding for 'Weak Certificate Binding Compensation Enabled (ESC10)', generated to exercise report rendering - not a real detection result against 'fabrikam.local' or any other domain.","[SYNTHETIC TEST DATA] Placeholder impact text for 'Weak Certificate Binding Compensation Enabled (ESC10)'. See src/Scoring.ps1 and the corresponding src/*.ps1 check for this Issue's real Impact wording.","[SYNTHETIC TEST DATA] Placeholder remediation text for 'Weak Certificate Binding Compensation Enabled (ESC10)'.","09/21/2026 20:17:10","T1649","vuln2_adcs_esc10","20","3","{""Tier"":""100pct"",""Synthetic"":true}","Medium - requires first confirming every certificate relying on the compensation window has been re-issued with strong mapping before removing the opt-out, or authentication for those certificates will break.","Removing this value before all weak-mapped certificates it was covering have been re-issued will break authentication for whatever legitimately still depends on the compensation window - confirm coverage first.","Easy - restore the prior CertificateBackdatingCompensation value if needed; effective immediately, no data loss.","",""
"Kerberos Delegation","User Account with Constrained Delegation","High","synthetic-object-68.fabrikam.local","[SYNTHETIC TEST DATA] Placeholder finding for 'User Account with Constrained Delegation', generated to exercise report rendering - not a real detection result against 'fabrikam.local' or any other domain.","[SYNTHETIC TEST DATA] Placeholder impact text for 'User Account with Constrained Delegation'. See src/Scoring.ps1 and the corresponding src/*.ps1 check for this Issue's real Impact wording.","[SYNTHETIC TEST DATA] Placeholder remediation text for 'User Account with Constrained Delegation'.","09/21/2026 20:17:10","T1558","vuln2_user_constrained_deleg","20","3","{""Tier"":""100pct"",""Synthetic"":true}","Medium - a single-attribute change, but confirm the specific service-to-service authentication flow it supports is no longer required, or is otherwise reconfigured, before removing it.","Removing constrained delegation can break the specific service-to-service authentication flow it was configured for if still in active use.","Easy - restore the msDS-AllowedToDelegateTo attribute to its prior list of SPNs; effective at next Kerberos ticket request, no data loss.","",""
"DNS Security","Stale/Dangling DNS Zone Delegation","High","synthetic-object-69.fabrikam.local","[SYNTHETIC TEST DATA] Placeholder finding for 'Stale/Dangling DNS Zone Delegation', generated to exercise report rendering - not a real detection result against 'fabrikam.local' or any other domain.","[SYNTHETIC TEST DATA] Placeholder impact text for 'Stale/Dangling DNS Zone Delegation'. See src/Scoring.ps1 and the corresponding src/*.ps1 check for this Issue's real Impact wording.","[SYNTHETIC TEST DATA] Placeholder remediation text for 'Stale/Dangling DNS Zone Delegation'.","09/21/2026 20:17:10","T1590.002","vuln2_dns_stale_delegation","20","3","{""Tier"":""100pct"",""Synthetic"":true}","Low - removing a delegation (NS/glue) record pointing at a decommissioned name server.","A dangling delegation is itself a documented subdomain-takeover risk (an attacker registering the abandoned target can serve authoritative answers for that subdomain), so removing it eliminates a real exposure rather than introducing one.","Easy - re-create the delegation record if the name server is later reinstated; effective immediately, no data loss.","",""
"Domain Security","Stale AzureADSSOACC Kerberos Key","High","synthetic-object-70.fabrikam.local","[SYNTHETIC TEST DATA] Placeholder finding for 'Stale AzureADSSOACC Kerberos Key', generated to exercise report rendering - not a real detection result against 'fabrikam.local' or any other domain.","[SYNTHETIC TEST DATA] Placeholder impact text for 'Stale AzureADSSOACC Kerberos Key'. See src/Scoring.ps1 and the corresponding src/*.ps1 check for this Issue's real Impact wording.","[SYNTHETIC TEST DATA] Placeholder remediation text for 'Stale AzureADSSOACC Kerberos Key'.","09/21/2026 20:17:10","T1558.002","vuln2_azuread_sso_key","20","3","{""Tier"":""100pct"",""Synthetic"":true}","Low - a single documented cmdlet (Update-AzureADSSOForest / Azure AD Connect) rolls the key over.","Rolling the Seamless SSO Kerberos key briefly invalidates in-flight SSO tickets for that mechanism, so users may need to re-authenticate once during the rollover, a documented Microsoft behavior rather than an outage.","Easy - the key can be rolled over again at any time via the same cmdlet; no data loss, and Microsoft's own guidance is to roll it over regularly regardless.","",""
"Read-Only Domain Controller Security Posture","RODC Password Replication Policy Misconfigured","High","synthetic-object-71.fabrikam.local","[SYNTHETIC TEST DATA] Placeholder finding for 'RODC Password Replication Policy Misconfigured', generated to exercise report rendering - not a real detection result against 'fabrikam.local' or any other domain.","[SYNTHETIC TEST DATA] Placeholder impact text for 'RODC Password Replication Policy Misconfigured'. See src/Scoring.ps1 and the corresponding src/*.ps1 check for this Issue's real Impact wording.","[SYNTHETIC TEST DATA] Placeholder remediation text for 'RODC Password Replication Policy Misconfigured'.","09/21/2026 20:17:10","T1078.002","vuln2_rodc_prp_misconfigured","20","3","{""Tier"":""100pct"",""Synthetic"":true}","Medium - editing the Allowed/Denied RODC Password Replication groups requires understanding which accounts should legitimately authenticate at that branch office, not just applying a blanket deny.","An overly restrictive policy can cause branch-office authentication failures or slow WAN-dependent logons for legitimate local users; an overly permissive one causes the credential-caching exposure covered by the related finding, so this needs the correct business-appropriate scope rather than simply ""more restrictive.""","Easy - revert the Password Replication Policy group membership changes; effective on next RODC password-caching evaluation, no data loss.","",""
"Certificate Services","ROCA-Vulnerable Certificate Key","High","synthetic-object-72.fabrikam.local","[SYNTHETIC TEST DATA] Placeholder finding for 'ROCA-Vulnerable Certificate Key', generated to exercise report rendering - not a real detection result against 'fabrikam.local' or any other domain.","[SYNTHETIC TEST DATA] Placeholder impact text for 'ROCA-Vulnerable Certificate Key'. See src/Scoring.ps1 and the corresponding src/*.ps1 check for this Issue's real Impact wording.","[SYNTHETIC TEST DATA] Placeholder remediation text for 'ROCA-Vulnerable Certificate Key'.","09/21/2026 20:17:10","T1649","vuln2_adcs_roca","20","3","{""Tier"":""100pct"",""Synthetic"":true}","High - revoking and reissuing a certificate requires coordinating with every consumer of that certificate, since revocation invalidates trust immediately and may need a maintenance window if the certificate is in active use (e.g. smart card logon, TLS).","ROCA-vulnerable RSA keys can, with sufficient compute, have their private key factored from the public key alone (CVE-2017-15361), so this is a confirmed, documented weakness, not a hypothetical one; revoking the certificate breaks authentication/encryption for everything relying on it until the replacement is deployed.","Hard/Limited - a revoked certificate cannot be un-revoked; the only path forward is issuing a new one with a key from an unaffected library, so keep the old certificate available read-only for verifying historically-signed artifacts if that's needed.","",""
"Kerberos Delegation","Resource-Based Constrained Delegation Configured","High","synthetic-object-73.fabrikam.local","[SYNTHETIC TEST DATA] Placeholder finding for 'Resource-Based Constrained Delegation Configured', generated to exercise report rendering - not a real detection result against 'fabrikam.local' or any other domain.","[SYNTHETIC TEST DATA] Placeholder impact text for 'Resource-Based Constrained Delegation Configured'. See src/Scoring.ps1 and the corresponding src/*.ps1 check for this Issue's real Impact wording.","[SYNTHETIC TEST DATA] Placeholder remediation text for 'Resource-Based Constrained Delegation Configured'.","09/21/2026 20:17:10","T1558","vuln2_rbcd","20","3","{""Tier"":""100pct"",""Synthetic"":true}","Medium - a single-attribute change on the resource object, but confirm with the resource owner whether the delegation is an intentional, still-needed configuration.","RBCD is commonly used intentionally for modern constrained delegation without protocol transition, so removing it can break a legitimate service-to-service delegation scenario it was set up for.","Easy - restore the msDS-AllowedToActOnBehalfOfOtherIdentity attribute to its prior value; effective at next Kerberos ticket request, no data loss.","",""
"Kerberos Security","RC4 Kerberos Encryption Still Permitted","High","synthetic-object-74.fabrikam.local","[SYNTHETIC TEST DATA] Placeholder finding for 'RC4 Kerberos Encryption Still Permitted', generated to exercise report rendering - not a real detection result against 'fabrikam.local' or any other domain.","[SYNTHETIC TEST DATA] Placeholder impact text for 'RC4 Kerberos Encryption Still Permitted'. See src/Scoring.ps1 and the corresponding src/*.ps1 check for this Issue's real Impact wording.","[SYNTHETIC TEST DATA] Placeholder remediation text for 'RC4 Kerberos Encryption Still Permitted'.","09/21/2026 20:17:10","T1558.003","vuln2_rc4_kerberos_permitted","20","3","{""Tier"":""100pct"",""Synthetic"":true}","Medium - touches multiple privileged/service accounts and cross-realm trust configuration, and needs a short monitoring window before disabling RC4 domain-wide.","Authentication may break for clients, applications, or devices that cannot negotiate AES - commonly legacy non-Windows Kerberos clients, appliances/printers with RC4-only libraries, or older applications with hardcoded RC4 configs.","Easy - re-enable RC4 via msDS-SupportedEncryptionTypes/GPO; takes effect at next Kerberos ticket renewal/GPO refresh with no data loss.","Enable AES on accounts first and monitor for RC4-ticket issuance in DC logs before enforcing AES-only, so any remaining RC4-dependent client shows up before it's cut off.",""
"Managed Service Accounts","Privileged gMSA Password Retrieval Not Tightly Scoped","High","synthetic-object-75.fabrikam.local","[SYNTHETIC TEST DATA] Placeholder finding for 'Privileged gMSA Password Retrieval Not Tightly Scoped', generated to exercise report rendering - not a real detection result against 'fabrikam.local' or any other domain.","[SYNTHETIC TEST DATA] Placeholder impact text for 'Privileged gMSA Password Retrieval Not Tightly Scoped'. See src/Scoring.ps1 and the corresponding src/*.ps1 check for this Issue's real Impact wording.","[SYNTHETIC TEST DATA] Placeholder remediation text for 'Privileged gMSA Password Retrieval Not Tightly Scoped'.","09/21/2026 20:17:10","T1552.005","vuln2_gmsa_tier0_retrieval","20","3","{""Tier"":""100pct"",""Synthetic"":true}","Low - a single-attribute change; requires confirming with the service owner which hosts are actually legitimate.","Removing a host that legitimately runs this service breaks its ability to authenticate as the gMSA at next password lookup - confirm current hosting before narrowing.","Easy - restore the prior PrincipalsAllowedToRetrieveManagedPassword value; takes effect immediately, no data loss.","",""
"User Account","Privileged Account Not Configured as Sensitive and Cannot Be Delegated","High","synthetic-object-76.fabrikam.local","[SYNTHETIC TEST DATA] Placeholder finding for 'Privileged Account Not Configured as Sensitive and Cannot Be Delegated', generated to exercise report rendering - not a real detection result against 'fabrikam.local' or any other domain.","[SYNTHETIC TEST DATA] Placeholder impact text for 'Privileged Account Not Configured as Sensitive and Cannot Be Delegated'. See src/Scoring.ps1 and the corresponding src/*.ps1 check for this Issue's real Impact wording.","[SYNTHETIC TEST DATA] Placeholder remediation text for 'Privileged Account Not Configured as Sensitive and Cannot Be Delegated'.","09/21/2026 20:17:10","T1558","vuln2_priv_account_delegatable","20","3","{""Tier"":""100pct"",""Synthetic"":true}","Low - a single account flag; takes effect at next ticket request, no other configuration required.","If this account genuinely needs to be delegated for a legitimate, currently-working scenario, enabling this flag will break that delegation - confirm the account has no legitimate delegation dependency first.","Easy - clear the flag again if needed; effective at next ticket request, no data loss.","",""
"Uncategorized (Synthetic)","PrintNightmare Exposure on DC","High","synthetic-object-77.fabrikam.local","[SYNTHETIC TEST DATA] Placeholder finding for 'PrintNightmare Exposure on DC', generated to exercise report rendering - not a real detection result against 'fabrikam.local' or any other domain.","[SYNTHETIC TEST DATA] Placeholder impact text for 'PrintNightmare Exposure on DC'. See src/Scoring.ps1 and the corresponding src/*.ps1 check for this Issue's real Impact wording.","[SYNTHETIC TEST DATA] Placeholder remediation text for 'PrintNightmare Exposure on DC'.","09/21/2026 20:17:10","T1068","vuln2_printnightmare_exposed","20","3","{""Tier"":""100pct"",""Synthetic"":true}","","","","",""
"Domain Security","Password Complexity Disabled","High","synthetic-object-78.fabrikam.local","[SYNTHETIC TEST DATA] Placeholder finding for 'Password Complexity Disabled', generated to exercise report rendering - not a real detection result against 'fabrikam.local' or any other domain.","[SYNTHETIC TEST DATA] Placeholder impact text for 'Password Complexity Disabled'. See src/Scoring.ps1 and the corresponding src/*.ps1 check for this Issue's real Impact wording.","[SYNTHETIC TEST DATA] Placeholder remediation text for 'Password Complexity Disabled'.","09/21/2026 20:17:10","T1110","vuln2_pwd_complexity_disabled","20","3","{""Tier"":""100pct"",""Synthetic"":true}","Medium - a Default Domain Policy GPO change affecting every future password change; needs a short monitoring window as users adjust.","Enforcing complexity starts rejecting non-compliant password changes going forward and may increase helpdesk password-reset volume, a documented operational side effect rather than a technical break.","Easy - revert the GPO setting; effective at next Group Policy refresh, no data loss, and not retroactive to existing passwords.","",""
"Attack Paths","Owner of Tier-0 Object is Non-Privileged","High","synthetic-object-79.fabrikam.local","[SYNTHETIC TEST DATA] Placeholder finding for 'Owner of Tier-0 Object is Non-Privileged', generated to exercise report rendering - not a real detection result against 'fabrikam.local' or any other domain.","[SYNTHETIC TEST DATA] Placeholder impact text for 'Owner of Tier-0 Object is Non-Privileged'. See src/Scoring.ps1 and the corresponding src/*.ps1 check for this Issue's real Impact wording.","[SYNTHETIC TEST DATA] Placeholder remediation text for 'Owner of Tier-0 Object is Non-Privileged'.","09/21/2026 20:17:10","T1098","vuln2_control_path_owner","20","3","{""Tier"":""100pct"",""Synthetic"":true}","Low - a single ownership change on one object.","Low technical risk; object ownership implicitly carries WriteDacl-equivalent rights, so confirm no automation currently depends on the existing owner's implicit rights before changing it.","Easy - reassign ownership back to the prior principal if needed; effective immediately.","",""
"Group Policy","Over-Permissioned GPO","High","synthetic-object-80.fabrikam.local","[SYNTHETIC TEST DATA] Placeholder finding for 'Over-Permissioned GPO', generated to exercise report rendering - not a real detection result against 'fabrikam.local' or any other domain.","[SYNTHETIC TEST DATA] Placeholder impact text for 'Over-Permissioned GPO'. See src/Scoring.ps1 and the corresponding src/*.ps1 check for this Issue's real Impact wording.","[SYNTHETIC TEST DATA] Placeholder remediation text for 'Over-Permissioned GPO'.","09/21/2026 20:17:10","T1484.001","vuln2_gpo_overpermissioned","20","3","{""Tier"":""100pct"",""Synthetic"":true}","Medium - removing a non-standard Edit/FullControl right from one GPO; confirm the trustee isn't a legitimate delegated owner.","Procedural - confirm the trustee isn't an active, legitimate delegated GPO administrator before removing their rights.","Easy - restore the GPO permission via GPMC; effective immediately, no data loss.","",""
"Group Policy","Non-Standard GPO Owner","High","synthetic-object-81.fabrikam.local","[SYNTHETIC TEST DATA] Placeholder finding for 'Non-Standard GPO Owner', generated to exercise report rendering - not a real detection result against 'fabrikam.local' or any other domain.","[SYNTHETIC TEST DATA] Placeholder impact text for 'Non-Standard GPO Owner'. See src/Scoring.ps1 and the corresponding src/*.ps1 check for this Issue's real Impact wording.","[SYNTHETIC TEST DATA] Placeholder remediation text for 'Non-Standard GPO Owner'.","09/21/2026 20:17:10","T1484.001","vuln2_gpo_non_admin_owner","20","3","{""Tier"":""100pct"",""Synthetic"":true}","Low - a single ownership change on one GPO object; confirm the current owner isn't an intentional, actively-used delegated GPO-management account first.","Procedural - confirm the current owner isn't a legitimate delegated GPO administrator for this specific GPO before changing ownership.","Easy - ownership can be changed back to the prior value at any time by an administrator; effective immediately, no data loss.","",""
"Stale-Object & Hygiene Depth","Non-Default primaryGroupID (Membership Hiding)","High","synthetic-object-82.fabrikam.local","[SYNTHETIC TEST DATA] Placeholder finding for 'Non-Default primaryGroupID (Membership Hiding)', generated to exercise report rendering - not a real detection result against 'fabrikam.local' or any other domain.","[SYNTHETIC TEST DATA] Placeholder impact text for 'Non-Default primaryGroupID (Membership Hiding)'. See src/Scoring.ps1 and the corresponding src/*.ps1 check for this Issue's real Impact wording.","[SYNTHETIC TEST DATA] Placeholder remediation text for 'Non-Default primaryGroupID (Membership Hiding)'.","09/21/2026 20:17:10","T1098","vuln2_primary_group_id","20","3","{""Tier"":""100pct"",""Synthetic"":true}","Medium - resetting primaryGroupID to the standard value requires first confirming the object genuinely isn't a legitimate DC or service account with a documented reason for a non-default primary group, since this is also a known persistence/membership-hiding technique.","Legitimate reasons for a non-default primaryGroupID are rare, but confirm the object isn't a genuinely misconfigured-but-legitimate service account before treating it purely as malicious persistence and resetting it.","Easy - revert the primaryGroupID attribute to its prior value; effective immediately, no data loss.","",""
"Privileged Groups","Nested Groups in Critical Privileged Group","High","synthetic-object-83.fabrikam.local","[SYNTHETIC TEST DATA] Placeholder finding for 'Nested Groups in Critical Privileged Group', generated to exercise report rendering - not a real detection result against 'fabrikam.local' or any other domain.","[SYNTHETIC TEST DATA] Placeholder impact text for 'Nested Groups in Critical Privileged Group'. See src/Scoring.ps1 and the corresponding src/*.ps1 check for this Issue's real Impact wording.","[SYNTHETIC TEST DATA] Placeholder remediation text for 'Nested Groups in Critical Privileged Group'.","09/21/2026 20:17:10","T1078.002","vuln2_nested_privileged_group","20","3","{""Tier"":""100pct"",""Synthetic"":true}","Medium - un-nesting a group from a Tier-0 group can silently revoke access for every member of the nested group, so first enumerate who's actually inside it.","Because nested group membership is often not obvious in a quick review, un-nesting can unexpectedly revoke privileged access from many users at once if the nested group's full membership wasn't understood beforehand.","Easy - re-add the nested group as a member if needed; effective on next Kerberos ticket refresh, no data loss.","",""
"Domain Security","LSA Protection (RunAsPPL) Not Enabled on Domain Controller","High","synthetic-object-84.fabrikam.local","[SYNTHETIC TEST DATA] Placeholder finding for 'LSA Protection (RunAsPPL) Not Enabled on Domain Controller', generated to exercise report rendering - not a real detection result against 'fabrikam.local' or any other domain.","[SYNTHETIC TEST DATA] Placeholder impact text for 'LSA Protection (RunAsPPL) Not Enabled on Domain Controller'. See src/Scoring.ps1 and the corresponding src/*.ps1 check for this Issue's real Impact wording.","[SYNTHETIC TEST DATA] Placeholder remediation text for 'LSA Protection (RunAsPPL) Not Enabled on Domain Controller'.","09/21/2026 20:17:10","T1547.005","vuln2_lsa_protection_disabled","20","3","{""Tier"":""100pct"",""Synthetic"":true}","Medium - a single registry value per DC, but requires a restart to take effect and should be preceded by auditing which LSA plugins/drivers are currently loaded (via audit mode) so none are unexpectedly blocked once enforced.","A currently-loaded LSA plugin or driver that does not meet Microsoft's signing requirements will fail to load once LSA Protection is enabled, which can break third-party smart-card, authentication-extension, or security-vendor software that hooks LSA - audit first with LSA Protection in audit-only mode if available.","Easy - revert the registry value to 0 (or delete it) and restart the DC; no data loss.","",""
"Certificate Services","Low-Privilege CA Management Rights","High","synthetic-object-85.fabrikam.local","[SYNTHETIC TEST DATA] Placeholder finding for 'Low-Privilege CA Management Rights', generated to exercise report rendering - not a real detection result against 'fabrikam.local' or any other domain.","[SYNTHETIC TEST DATA] Placeholder impact text for 'Low-Privilege CA Management Rights'. See src/Scoring.ps1 and the corresponding src/*.ps1 check for this Issue's real Impact wording.","[SYNTHETIC TEST DATA] Placeholder remediation text for 'Low-Privilege CA Management Rights'.","09/21/2026 20:17:10","T1649","vuln2_adcs_ca_mgmt","20","3","{""Tier"":""100pct"",""Synthetic"":true}","Medium - removing the CA Manager role assignment from an unexpected principal via the Certification Authority console; confirm the principal doesn't actively perform day-to-day CA management first.","Procedural - low technical risk unless the principal genuinely manages CA operations, in which case they lose that capability until re-added.","Easy - re-add the role assignment via the CA console; effective immediately, no data loss.","",""
"LAPS Deployment","Legacy LAPS SearchFlags Exposes Password","High","synthetic-object-86.fabrikam.local","[SYNTHETIC TEST DATA] Placeholder finding for 'Legacy LAPS SearchFlags Exposes Password', generated to exercise report rendering - not a real detection result against 'fabrikam.local' or any other domain.","[SYNTHETIC TEST DATA] Placeholder impact text for 'Legacy LAPS SearchFlags Exposes Password'. See src/Scoring.ps1 and the corresponding src/*.ps1 check for this Issue's real Impact wording.","[SYNTHETIC TEST DATA] Placeholder remediation text for 'Legacy LAPS SearchFlags Exposes Password'.","09/21/2026 20:17:10","T1552.001","vuln2_laps_searchflags","20","3","{""Tier"":""100pct"",""Synthetic"":true}","Medium - a schema attribute change (Schema Admins, schema-master DC) that also changes the effective access-control model for this attribute; validate in a lab first and confirm intended readers still have explicit CONTROL_ACCESS granted before applying to production.","Setting the confidential bit changes ms-Mcs-AdmPwd from a normal-read attribute to one requiring explicit CONTROL_ACCESS - any tooling or delegated group that currently reads it via ordinary read access will need that access re-granted as CONTROL_ACCESS afterward.","Difficult - schema attribute changes are effectively permanent (schema changes are not typically reverted); test thoroughly in a lab and confirm the full set of legitimate readers before applying.","",""
"Stale-Object & Hygiene Depth","Legacy FRS-Based SYSVOL Replication In Use","High","synthetic-object-87.fabrikam.local","[SYNTHETIC TEST DATA] Placeholder finding for 'Legacy FRS-Based SYSVOL Replication In Use', generated to exercise report rendering - not a real detection result against 'fabrikam.local' or any other domain.","[SYNTHETIC TEST DATA] Placeholder impact text for 'Legacy FRS-Based SYSVOL Replication In Use'. See src/Scoring.ps1 and the corresponding src/*.ps1 check for this Issue's real Impact wording.","[SYNTHETIC TEST DATA] Placeholder remediation text for 'Legacy FRS-Based SYSVOL Replication In Use'.","09/21/2026 20:17:10","T1210","vuln2_legacy_frs_sysvol","20","3","{""Tier"":""100pct"",""Synthetic"":true}","High - a domain-wide replication-mechanism migration affecting every DC's SYSVOL share; Microsoft's own procedure requires progressing through and verifying each state (Prepared/Redirected/Eliminated) before advancing, and should be scheduled and tested rather than rushed.","A migration attempted without verifying full replication health at each intermediate state can leave some DCs serving a stale or incomplete SYSVOL, which can affect Group Policy application and logon scripts domain-wide - follow Microsoft's documented state-by-state verification before advancing.","Difficult - FRS-to-DFSR migration state advances are one-directional by design (Microsoft does not support reverting from Eliminated back to FRS); back up SYSVOL content before starting and verify each intermediate state thoroughly rather than planning to roll back.","",""
"LAPS Deployment","LAPS Not Deployed","High","synthetic-object-88.fabrikam.local","[SYNTHETIC TEST DATA] Placeholder finding for 'LAPS Not Deployed', generated to exercise report rendering - not a real detection result against 'fabrikam.local' or any other domain.","[SYNTHETIC TEST DATA] Placeholder impact text for 'LAPS Not Deployed'. See src/Scoring.ps1 and the corresponding src/*.ps1 check for this Issue's real Impact wording.","[SYNTHETIC TEST DATA] Placeholder remediation text for 'LAPS Not Deployed'.","09/21/2026 20:17:10","T1078.003","vuln2_laps_not_deployed","20","3","{""Tier"":""100pct"",""Synthetic"":true}","High - full deployment requires a one-time forest-wide schema extension, GPO creation, delegated read-rights setup, and a phased client/CSE rollout with a validation period - an environment-wide project, not a single change.","Low ongoing technical risk to normal operations; the one-time schema extension step is itself an irreversible forest-wide schema change, so test/confirm it in a non-production domain first if possible.","Hard/Limited - the schema extension itself can't be undone (attributes are marked defunct, not removed, consistent with schema changes generally); the GPO/policy rollout portion, however, can be unlinked or removed cleanly at any time.","",""
"User Account","Kerberos Pre-Authentication Disabled","High","synthetic-object-89.fabrikam.local","[SYNTHETIC TEST DATA] Placeholder finding for 'Kerberos Pre-Authentication Disabled', generated to exercise report rendering - not a real detection result against 'fabrikam.local' or any other domain.","[SYNTHETIC TEST DATA] Placeholder impact text for 'Kerberos Pre-Authentication Disabled'. See src/Scoring.ps1 and the corresponding src/*.ps1 check for this Issue's real Impact wording.","[SYNTHETIC TEST DATA] Placeholder remediation text for 'Kerberos Pre-Authentication Disabled'.","09/21/2026 20:17:10","T1558.004","vuln2_asrep_roastable","20","3","{""Tier"":""100pct"",""Synthetic"":true}","Low - a single userAccountControl flag (DONT_REQ_PREAUTH) per account.","Disabling pre-auth exposes the account to offline AS-REP roasting; re-enabling pre-auth has no legitimate compatibility impact unless a genuinely pre-auth-incompatible legacy Kerberos client depends on that specific account, which is rare.","Easy - revert the DONT_REQ_PREAUTH flag; effective at next Kerberos authentication attempt, no data loss.","",""
"Kerberos Security","Kerberos Armoring (FAST) Not Enabled","High","synthetic-object-90.fabrikam.local","[SYNTHETIC TEST DATA] Placeholder finding for 'Kerberos Armoring (FAST) Not Enabled', generated to exercise report rendering - not a real detection result against 'fabrikam.local' or any other domain.","[SYNTHETIC TEST DATA] Placeholder impact text for 'Kerberos Armoring (FAST) Not Enabled'. See src/Scoring.ps1 and the corresponding src/*.ps1 check for this Issue's real Impact wording.","[SYNTHETIC TEST DATA] Placeholder remediation text for 'Kerberos Armoring (FAST) Not Enabled'.","09/21/2026 20:17:10","T1558","vuln2_kerberos_armoring_not_enabled","20","3","{""Tier"":""100pct"",""Synthetic"":true}","Medium - enabling requires the domain functional level and all clients to support FAST (Windows 8/Server 2012 R2+); Microsoft's own guidance recommends a staged ""Supported"" rollout before ""Always provide claims"" enforcement.","Enforcing Kerberos armoring will break authentication for any client that doesn't support FAST - older Windows versions and many non-Windows Kerberos implementations - so a ""Supported"" (not yet enforced) first step is Microsoft's own documented recommendation.","Easy - revert the GPO setting to Not Defined/Supported; effective at next Group Policy refresh and Kerberos ticket renewal, no data loss.","",""
"Group Policy","Insecure SYSVOL Permissions","High","synthetic-object-91.fabrikam.local","[SYNTHETIC TEST DATA] Placeholder finding for 'Insecure SYSVOL Permissions', generated to exercise report rendering - not a real detection result against 'fabrikam.local' or any other domain.","[SYNTHETIC TEST DATA] Placeholder impact text for 'Insecure SYSVOL Permissions'. See src/Scoring.ps1 and the corresponding src/*.ps1 check for this Issue's real Impact wording.","[SYNTHETIC TEST DATA] Placeholder remediation text for 'Insecure SYSVOL Permissions'.","09/21/2026 20:17:10","T1484.001","vuln2_sysvol_permissions","20","3","{""Tier"":""100pct"",""Synthetic"":true}","Medium - correcting ACLs on SYSVOL/NETLOGON shares (and their filesystem equivalents) on every DC, then validating legitimate scripts/GPOs still function for all clients.","Over-tightening SYSVOL permissions can break clients' ability to read GPOs or logon scripts if a legitimate group loses access it was relying on; validate with a domain-wide policy refresh test after the change.","Moderate - export the current SYSVOL share/NTFS ACL (icacls or Get-Acl) before changing it, and allow for DFSR/FRS replication across all DCs before the change is fully in effect.","",""
"Attack Paths","Indirect Control Path to Tier-0 Object","High","synthetic-object-92.fabrikam.local","[SYNTHETIC TEST DATA] Placeholder finding for 'Indirect Control Path to Tier-0 Object', generated to exercise report rendering - not a real detection result against 'fabrikam.local' or any other domain.","[SYNTHETIC TEST DATA] Placeholder impact text for 'Indirect Control Path to Tier-0 Object'. See src/Scoring.ps1 and the corresponding src/*.ps1 check for this Issue's real Impact wording.","[SYNTHETIC TEST DATA] Placeholder remediation text for 'Indirect Control Path to Tier-0 Object'.","09/21/2026 20:17:10","T1098","vuln2_control_path_indirect","20","3","{""Tier"":""100pct"",""Synthetic"":true}","","","","",""
"Exchange-in-AD Privilege Escalation","Exchange-Related AdminSDHolder ACE","High","synthetic-object-93.fabrikam.local","[SYNTHETIC TEST DATA] Placeholder finding for 'Exchange-Related AdminSDHolder ACE', generated to exercise report rendering - not a real detection result against 'fabrikam.local' or any other domain.","[SYNTHETIC TEST DATA] Placeholder impact text for 'Exchange-Related AdminSDHolder ACE'. See src/Scoring.ps1 and the corresponding src/*.ps1 check for this Issue's real Impact wording.","[SYNTHETIC TEST DATA] Placeholder remediation text for 'Exchange-Related AdminSDHolder ACE'.","09/21/2026 20:17:10","T1098","vuln2_exchange_adminsdholder_ace","20","3","{""Tier"":""100pct"",""Synthetic"":true}","Medium - a single-object ACE removal, but coordinate with the Exchange admin team to confirm the current Exchange version doesn't still rely on it.","Removing an Exchange-related AdminSDHolder ACE that a currently-installed Exchange version still expects could break Exchange's ability to manage protected mail-enabled accounts.","Moderate - export the AdminSDHolder ACL before removing the ACE; the correction only reaches every protected object after SDProp's next propagation cycle.","",""
"Privileged Groups","Excessive Privileged Group Membership","High","synthetic-object-94.fabrikam.local","[SYNTHETIC TEST DATA] Placeholder finding for 'Excessive Privileged Group Membership', generated to exercise report rendering - not a real detection result against 'fabrikam.local' or any other domain.","[SYNTHETIC TEST DATA] Placeholder impact text for 'Excessive Privileged Group Membership'. See src/Scoring.ps1 and the corresponding src/*.ps1 check for this Issue's real Impact wording.","[SYNTHETIC TEST DATA] Placeholder remediation text for 'Excessive Privileged Group Membership'.","09/21/2026 20:17:10","T1078.002","vuln2_privileged_members","20","3","{""Tier"":""100pct"",""Synthetic"":true}","Medium - requires reviewing each member for actual ongoing need rather than a single mechanical change, and coordinating with each member or their manager.","Removing a member who still has a legitimate ongoing need for privileged access will break their ability to perform that work until re-added, so this needs a per-member justification review, not a blanket removal.","Easy - re-add any member whose access need is confirmed; effective on next Kerberos ticket refresh, no data loss.","",""
"Dangerous Permissions","Enterprise Key Admins Over-Privileged (Misconfiguration Bug)","High","synthetic-object-95.fabrikam.local","[SYNTHETIC TEST DATA] Placeholder finding for 'Enterprise Key Admins Over-Privileged (Misconfiguration Bug)', generated to exercise report rendering - not a real detection result against 'fabrikam.local' or any other domain.","[SYNTHETIC TEST DATA] Placeholder impact text for 'Enterprise Key Admins Over-Privileged (Misconfiguration Bug)'. See src/Scoring.ps1 and the corresponding src/*.ps1 check for this Issue's real Impact wording.","[SYNTHETIC TEST DATA] Placeholder remediation text for 'Enterprise Key Admins Over-Privileged (Misconfiguration Bug)'.","09/21/2026 20:17:10","T1556","vuln2_enterprise_key_admins","20","3","{""Tier"":""100pct"",""Synthetic"":true}","Medium - a single-object ACE removal, but on a forest-wide replicated object, so it warrants confirming with the relevant application owner (e.g. Exchange, ADFS, or backup/DR tooling that sometimes provisions Configuration-NC rights during setup) before removing, plus a short post-change monitoring window.","Removing the ACE could break a directory-integrated product that legitimately extends the Configuration container (commonly Exchange setup/recipient-update accounts, or certain backup/DR tools) if the trustee is a genuine service account rather than a misconfiguration.","Moderate - export the object's current nTSecurityDescriptor (e.g. via dsacls or Get-Acl on the AD: PowerShell drive) before making the change so the exact ACE can be re-added if needed, and allow for AD replication convergence across all DCs before the removal is fully in effect forest-wide.","Since this ACE sits above the Public Key Services container this tool's own AD CS checks already review separately, cross-check the trustee against any known certificate-services or Exchange install accounts before removing it, to avoid duplicating remediation effort on the wrong object.",""
"Domain Admin Equivalence","Domain Admin Equivalent Access Detected","High","synthetic-object-96.fabrikam.local","[SYNTHETIC TEST DATA] Placeholder finding for 'Domain Admin Equivalent Access Detected', generated to exercise report rendering - not a real detection result against 'fabrikam.local' or any other domain.","[SYNTHETIC TEST DATA] Placeholder impact text for 'Domain Admin Equivalent Access Detected'. See src/Scoring.ps1 and the corresponding src/*.ps1 check for this Issue's real Impact wording.","[SYNTHETIC TEST DATA] Placeholder remediation text for 'Domain Admin Equivalent Access Detected'.","09/21/2026 20:17:10","T1078.002","vuln2_da_equivalent_access","20","3","{""Tier"":""100pct"",""Synthetic"":true}","High - the underlying access is typically composed of multiple pieces of evidence (nested groups, ACEs, ownership), each of which may need a separate fix, similar to breaking a control-path chain.","Removing any single contributing factor could break a legitimate, if undocumented, delegation if it was set up intentionally, so confirm with the principal's owning team before changing each piece of evidence.","Moderate - export/record each ACE or membership being changed before removing it, then re-run the audit to confirm the effective access is gone.","",""
"User Account","DES Encryption Enabled","High","synthetic-object-97.fabrikam.local","[SYNTHETIC TEST DATA] Placeholder finding for 'DES Encryption Enabled', generated to exercise report rendering - not a real detection result against 'fabrikam.local' or any other domain.","[SYNTHETIC TEST DATA] Placeholder impact text for 'DES Encryption Enabled'. See src/Scoring.ps1 and the corresponding src/*.ps1 check for this Issue's real Impact wording.","[SYNTHETIC TEST DATA] Placeholder remediation text for 'DES Encryption Enabled'.","09/21/2026 20:17:10","T1558.003","vuln2_des_enabled","20","3","{""Tier"":""100pct"",""Synthetic"":true}","Low - a single msDS-SupportedEncryptionTypes attribute per account.","DES for Kerberos is only relevant to genuinely ancient clients (pre-Windows-7/Server-2008 era); removing it will break authentication only for such a legacy client if one still depends on this specific account, which is rare in a modern environment.","Easy - revert msDS-SupportedEncryptionTypes to its prior value; effective at next Kerberos ticket renewal, no data loss.","",""
"Machine Account Quota","Default Machine Account Quota Not Restricted","High","synthetic-object-98.fabrikam.local","[SYNTHETIC TEST DATA] Placeholder finding for 'Default Machine Account Quota Not Restricted', generated to exercise report rendering - not a real detection result against 'fabrikam.local' or any other domain.","[SYNTHETIC TEST DATA] Placeholder impact text for 'Default Machine Account Quota Not Restricted'. See src/Scoring.ps1 and the corresponding src/*.ps1 check for this Issue's real Impact wording.","[SYNTHETIC TEST DATA] Placeholder remediation text for 'Default Machine Account Quota Not Restricted'.","09/21/2026 20:17:10","T1136.002","vuln2_maq_default","20","3","{""Tier"":""100pct"",""Synthetic"":true}","Low - a single domain-wide attribute (ms-DS-MachineAccountQuota).","Lowering or zeroing this quota only prevents self-service computer joins by regular users; legitimate machine joins performed by an account with delegated Create Computer Objects rights are unaffected.","Easy - revert the ms-DS-MachineAccountQuota attribute to its prior value; effective immediately, no data loss.","",""
"Domain Hardening","Dangerous dsHeuristics Flag Set","High","synthetic-object-99.fabrikam.local","[SYNTHETIC TEST DATA] Placeholder finding for 'Dangerous dsHeuristics Flag Set', generated to exercise report rendering - not a real detection result against 'fabrikam.local' or any other domain.","[SYNTHETIC TEST DATA] Placeholder impact text for 'Dangerous dsHeuristics Flag Set'. See src/Scoring.ps1 and the corresponding src/*.ps1 check for this Issue's real Impact wording.","[SYNTHETIC TEST DATA] Placeholder remediation text for 'Dangerous dsHeuristics Flag Set'.","09/21/2026 20:17:10","T1556","vuln2_dsheuristics_dangerous","20","3","{""Tier"":""100pct"",""Synthetic"":true}","Low - a single attribute change on one forest-wide object.","Low risk resetting to the default, unless the specific bit was intentionally set for a documented reason (e.g. relaxed list-object mode); confirm before resetting.","Easy - revert to the previous dsHeuristics string value; effective forest-wide on next replication, no data loss.","",""
"Group Policy","Credentials Referenced in Logon/Startup Script","High","synthetic-object-100.fabrikam.local","[SYNTHETIC TEST DATA] Placeholder finding for 'Credentials Referenced in Logon/Startup Script', generated to exercise report rendering - not a real detection result against 'fabrikam.local' or any other domain.","[SYNTHETIC TEST DATA] Placeholder impact text for 'Credentials Referenced in Logon/Startup Script'. See src/Scoring.ps1 and the corresponding src/*.ps1 check for this Issue's real Impact wording.","[SYNTHETIC TEST DATA] Placeholder remediation text for 'Credentials Referenced in Logon/Startup Script'.","09/21/2026 20:17:10","T1552.001","vuln2_script_credentials","20","3","{""Tier"":""100pct"",""Synthetic"":true}","High - the exposed credential must be rotated everywhere it's used, and the script reworked to avoid embedding credentials (e.g. migrating to a gMSA), which may involve other teams if the account is shared.","The credential must be treated as already compromised, since any authenticated user can read SYSVOL; rotating it needs to be coordinated with everything else that uses the same account/password.","Hard/Limited - this isn't a reversible setting; once a credential has been exposed via SYSVOL it must be rotated, not restored, and the exposure history can't be undone.","",""
"Admin Equivalence","Constrained Delegation Configured to Decommissioned SPN","High","synthetic-object-101.fabrikam.local","[SYNTHETIC TEST DATA] Placeholder finding for 'Constrained Delegation Configured to Decommissioned SPN', generated to exercise report rendering - not a real detection result against 'fabrikam.local' or any other domain.","[SYNTHETIC TEST DATA] Placeholder impact text for 'Constrained Delegation Configured to Decommissioned SPN'. See src/Scoring.ps1 and the corresponding src/*.ps1 check for this Issue's real Impact wording.","[SYNTHETIC TEST DATA] Placeholder remediation text for 'Constrained Delegation Configured to Decommissioned SPN'.","09/21/2026 20:17:10","T1187","vuln2_ghost_spn_delegation","20","3","{""Tier"":""100pct"",""Synthetic"":true}","Low - removing one or more stale SPN entries from a single account's delegation configuration.","Low - the target host doesn't currently exist, so removing the stale delegation entry has no legitimate functional impact today; confirm the host is genuinely decommissioned (not simply temporarily offline) before removing.","Easy - re-add the SPN to msDS-AllowedToDelegateTo if the host turns out to still be in use under a different naming scenario; no data loss either way.","",""
"Kerberos Delegation","Computer Account with Protocol Transition (T2A4D)","High","synthetic-object-102.fabrikam.local","[SYNTHETIC TEST DATA] Placeholder finding for 'Computer Account with Protocol Transition (T2A4D)', generated to exercise report rendering - not a real detection result against 'fabrikam.local' or any other domain.","[SYNTHETIC TEST DATA] Placeholder impact text for 'Computer Account with Protocol Transition (T2A4D)'. See src/Scoring.ps1 and the corresponding src/*.ps1 check for this Issue's real Impact wording.","[SYNTHETIC TEST DATA] Placeholder remediation text for 'Computer Account with Protocol Transition (T2A4D)'.","09/21/2026 20:17:10","T1558","vuln2_computer_protocol_transition","20","3","{""Tier"":""100pct"",""Synthetic"":true}","Medium - a single-object attribute change, but confirm with the application owner (classically Exchange/IIS) whether protocol transition is still genuinely required before removing it.","Protocol transition (TrustedToAuthForDelegation) is legitimately used by some application servers to impersonate users without their credentials, so removing it can break that application's functionality if still in use.","Easy - re-enable protocol transition and restore the msDS-AllowedToDelegateTo list on the computer object; effective at next Kerberos ticket request, no data loss.","",""
"Stale-Object & Hygiene Depth","Computer Account Never Joined with No Password Set","High","synthetic-object-103.fabrikam.local","[SYNTHETIC TEST DATA] Placeholder finding for 'Computer Account Never Joined with No Password Set', generated to exercise report rendering - not a real detection result against 'fabrikam.local' or any other domain.","[SYNTHETIC TEST DATA] Placeholder impact text for 'Computer Account Never Joined with No Password Set'. See src/Scoring.ps1 and the corresponding src/*.ps1 check for this Issue's real Impact wording.","[SYNTHETIC TEST DATA] Placeholder remediation text for 'Computer Account Never Joined with No Password Set'.","09/21/2026 20:17:10","T1078.002","vuln2_never_joined_computer","20","3","{""Tier"":""100pct"",""Synthetic"":true}","Low - removing or completing the join for each stale pre-staged object, but confirm with the provisioning team before removing in case the join is simply delayed rather than abandoned.","Removing an object that is actually mid-provisioning (rather than genuinely abandoned) will require re-staging it - confirm current provisioning status with the responsible team first.","Easy - a removed pre-staged object with no real join history can simply be re-created if needed; no real data loss.","",""
"Certificate Services","Certificate Template with Weak ACL (ESC4)","High","synthetic-object-104.fabrikam.local","[SYNTHETIC TEST DATA] Placeholder finding for 'Certificate Template with Weak ACL (ESC4)', generated to exercise report rendering - not a real detection result against 'fabrikam.local' or any other domain.","[SYNTHETIC TEST DATA] Placeholder impact text for 'Certificate Template with Weak ACL (ESC4)'. See src/Scoring.ps1 and the corresponding src/*.ps1 check for this Issue's real Impact wording.","[SYNTHETIC TEST DATA] Placeholder remediation text for 'Certificate Template with Weak ACL (ESC4)'.","09/21/2026 20:17:10","T1649","vuln2_adcs_esc4","20","3","{""Tier"":""100pct"",""Synthetic"":true}","Medium - a single-template ACE removal, but confirm the trustee isn't a legitimate certificate-lifecycle-management tool or service account before removing.","Procedural - confirm the trustee isn't an active cert-management automation account before removing; no realistic legitimate technical break otherwise.","Moderate - export the template's ACL (certutil -v -template or PSPKI) before changing it so the exact ACE can be restored if needed.","",""
"Certificate Services","Certificate Template Missing Security Extension (ESC9)","High","synthetic-object-105.fabrikam.local","[SYNTHETIC TEST DATA] Placeholder finding for 'Certificate Template Missing Security Extension (ESC9)', generated to exercise report rendering - not a real detection result against 'fabrikam.local' or any other domain.","[SYNTHETIC TEST DATA] Placeholder impact text for 'Certificate Template Missing Security Extension (ESC9)'. See src/Scoring.ps1 and the corresponding src/*.ps1 check for this Issue's real Impact wording.","[SYNTHETIC TEST DATA] Placeholder remediation text for 'Certificate Template Missing Security Extension (ESC9)'.","09/21/2026 20:17:10","T1649","vuln2_adcs_esc9","20","3","{""Tier"":""100pct"",""Synthetic"":true}","Low - a single template flag; confirm no legitimate enrollment workflow depends on the omitted extension first (rare).","Minimal - clearing this flag only adds information to newly-issued certificates; it does not change any existing legitimate authentication behavior.","Easy - AD CS templates are versioned, so the prior flag value can be restored and republished if needed.","",""
"Certificate Services","Certificate Template Does Not Require RA Signatures","High","synthetic-object-106.fabrikam.local","[SYNTHETIC TEST DATA] Placeholder finding for 'Certificate Template Does Not Require RA Signatures', generated to exercise report rendering - not a real detection result against 'fabrikam.local' or any other domain.","[SYNTHETIC TEST DATA] Placeholder impact text for 'Certificate Template Does Not Require RA Signatures'. See src/Scoring.ps1 and the corresponding src/*.ps1 check for this Issue's real Impact wording.","[SYNTHETIC TEST DATA] Placeholder remediation text for 'Certificate Template Does Not Require RA Signatures'.","09/21/2026 20:17:10","T1649","vuln2_adcs_ra_signature","20","3","{""Tier"":""100pct"",""Synthetic"":true}","Medium - enforcing a required-signature count needs coordination with whichever process actually enrolls from this template, since that process may not yet have an authorized enrollment-agent certificate in its chain.","Enforcing an RA signature requirement will break any enrollment workflow that doesn't already have an authorized enrollment-agent certificate, until that workflow is updated.","Easy - revert the required-signature count to 0 on the template; effective immediately for new requests.","",""
"Certificate Services","Certificate Template Allows Subject Alternative Name (Restricted)","High","synthetic-object-107.fabrikam.local","[SYNTHETIC TEST DATA] Placeholder finding for 'Certificate Template Allows Subject Alternative Name (Restricted)', generated to exercise report rendering - not a real detection result against 'fabrikam.local' or any other domain.","[SYNTHETIC TEST DATA] Placeholder impact text for 'Certificate Template Allows Subject Alternative Name (Restricted)'. See src/Scoring.ps1 and the corresponding src/*.ps1 check for this Issue's real Impact wording.","[SYNTHETIC TEST DATA] Placeholder remediation text for 'Certificate Template Allows Subject Alternative Name (Restricted)'.","09/21/2026 20:17:10","T1649","vuln2_adcs_esc1_restricted","20","3","{""Tier"":""100pct"",""Synthetic"":true}","Medium - same underlying mechanism as the unrestricted ESC1 finding, but exposure is narrower (fewer principals can enroll), so validate the smaller set of dependent systems before changing.","Disabling attacker-controllable SAN can break legitimate workflows among the restricted set of principals that currently rely on supplying a SAN at request time.","Moderate - restore a prior template version if a legitimate workflow breaks; certificates already issued remain valid until revoked or expired.","",""
"Certificate Services","Certificate Template Allows High-Risk Enrollment Without Manager Approval","High","synthetic-object-108.fabrikam.local","[SYNTHETIC TEST DATA] Placeholder finding for 'Certificate Template Allows High-Risk Enrollment Without Manager Approval', generated to exercise report rendering - not a real detection result against 'fabrikam.local' or any other domain.","[SYNTHETIC TEST DATA] Placeholder impact text for 'Certificate Template Allows High-Risk Enrollment Without Manager Approval'. See src/Scoring.ps1 and the corresponding src/*.ps1 check for this Issue's real Impact wording.","[SYNTHETIC TEST DATA] Placeholder remediation text for 'Certificate Template Allows High-Risk Enrollment Without Manager Approval'.","09/21/2026 20:17:10","T1649","vuln2_adcs_no_approval","20","3","{""Tier"":""100pct"",""Synthetic"":true}","Low - toggling the ""CA certificate manager approval"" flag on one template.","Enabling manager approval adds a manual approval step that will delay or block any automated enrollment workflow (autoenrollment, ACME-style automated issuance) that currently assumes instant issuance.","Easy - untick the approval requirement; effective immediately for new requests, no data loss.","",""
"User Account","Built-in Administrator Account Enabled and Not Recently Rotated","High","synthetic-object-109.fabrikam.local","[SYNTHETIC TEST DATA] Placeholder finding for 'Built-in Administrator Account Enabled and Not Recently Rotated', generated to exercise report rendering - not a real detection result against 'fabrikam.local' or any other domain.","[SYNTHETIC TEST DATA] Placeholder impact text for 'Built-in Administrator Account Enabled and Not Recently Rotated'. See src/Scoring.ps1 and the corresponding src/*.ps1 check for this Issue's real Impact wording.","[SYNTHETIC TEST DATA] Placeholder remediation text for 'Built-in Administrator Account Enabled and Not Recently Rotated'.","09/21/2026 20:17:10","T1110","vuln2_builtin_admin_stale_password","20","3","{""Tier"":""100pct"",""Synthetic"":true}","Low - a password reset (and optionally disabling the account) on a single well-known object; confirm no automation or legacy process depends on this specific account first.","Disabling this account entirely is safe in virtually all modern environments, but confirm no legacy script or process authenticates as it directly before doing so, since it has no other owner to consult.","Easy - re-enable the account or reset the password again if needed; no data loss either way.","",""
"Domain Hardening","Broad Membership in Pre-Windows 2000 Compatible Access","High","synthetic-object-110.fabrikam.local","[SYNTHETIC TEST DATA] Placeholder finding for 'Broad Membership in Pre-Windows 2000 Compatible Access', generated to exercise report rendering - not a real detection result against 'fabrikam.local' or any other domain.","[SYNTHETIC TEST DATA] Placeholder impact text for 'Broad Membership in Pre-Windows 2000 Compatible Access'. See src/Scoring.ps1 and the corresponding src/*.ps1 check for this Issue's real Impact wording.","[SYNTHETIC TEST DATA] Placeholder remediation text for 'Broad Membership in Pre-Windows 2000 Compatible Access'.","09/21/2026 20:17:10","T1078.002","vuln2_prewin2000_broad","20","3","{""Tier"":""100pct"",""Synthetic"":true}","Medium - removing Authenticated Users/Everyone from this legacy compatibility group; confirm no genuinely legacy (pre-Windows 2000 era) system still depends on it.","The group was created specifically for NT4/pre-Windows-2000 compatibility and grants read access to many user/group attributes to anyone in it; removing broad membership is safe in virtually all modern environments, but confirm no true legacy system remains.","Easy - re-add the removed principal if needed; effective on next Kerberos ticket refresh, no data loss.","",""
"Privileged Groups","Broad Membership in Distributed COM Users or Performance Log Users","High","synthetic-object-111.fabrikam.local","[SYNTHETIC TEST DATA] Placeholder finding for 'Broad Membership in Distributed COM Users or Performance Log Users', generated to exercise report rendering - not a real detection result against 'fabrikam.local' or any other domain.","[SYNTHETIC TEST DATA] Placeholder impact text for 'Broad Membership in Distributed COM Users or Performance Log Users'. See src/Scoring.ps1 and the corresponding src/*.ps1 check for this Issue's real Impact wording.","[SYNTHETIC TEST DATA] Placeholder remediation text for 'Broad Membership in Distributed COM Users or Performance Log Users'.","09/21/2026 20:17:10","T1098","vuln2_underaudited_group_membership","20","3","{""Tier"":""100pct"",""Synthetic"":true}","Low - reviewing and removing membership from a typically-small, rarely-populated group.","Removing a member who genuinely needs remote DCOM activation or remote performance-counter collection rights will break that specific workflow until re-added - confirm with the member/owning team first.","Easy - re-add any member whose need is confirmed; effective on next Kerberos ticket refresh, no data loss.","",""
"Known DC Vulnerabilities","BadSuccessor / dMSA Escalation Exposure","High","synthetic-object-112.fabrikam.local","[SYNTHETIC TEST DATA] Placeholder finding for 'BadSuccessor / dMSA Escalation Exposure', generated to exercise report rendering - not a real detection result against 'fabrikam.local' or any other domain.","[SYNTHETIC TEST DATA] Placeholder impact text for 'BadSuccessor / dMSA Escalation Exposure'. See src/Scoring.ps1 and the corresponding src/*.ps1 check for this Issue's real Impact wording.","[SYNTHETIC TEST DATA] Placeholder remediation text for 'BadSuccessor / dMSA Escalation Exposure'.","09/21/2026 20:17:10","T1098","vuln2_badsuccessor_dmsa","20","3","{""Tier"":""100pct"",""Synthetic"":true}","High - requires both patching every affected Server 2025 DC to the fixed build and, independently of patch level, an OU/dMSA-object permissions review across the environment (per Microsoft/Akamai guidance, the patch alone doesn't restrict who can create or link a dMSA).","Independent Akamai research confirmed that even on a fully patched DC, a dMSA an attacker controls can still be paired with a target account the attacker also controls to extract that target's credentials, so patching alone does not fully close the exposure - the permissions review is a genuine, separate, needed step, not padding.","Easy - the patch itself is a normal cumulative update with standard rollback options; the permissions tightening (restricting CreateChild/msDS-DelegatedManagedServiceAccount rights) can be reverted by re-granting the prior delegation if needed.","Enable auditing on dMSA creation and migration-link attribute changes (both the dMSA's link and the superseded account's link), per Akamai's own detection guidance, since the technique remains relevant even after patching.",""
"DNS Security","Authenticated Users Can Create Child Objects in DNS Zone","High","synthetic-object-113.fabrikam.local","[SYNTHETIC TEST DATA] Placeholder finding for 'Authenticated Users Can Create Child Objects in DNS Zone', generated to exercise report rendering - not a real detection result against 'fabrikam.local' or any other domain.","[SYNTHETIC TEST DATA] Placeholder impact text for 'Authenticated Users Can Create Child Objects in DNS Zone'. See src/Scoring.ps1 and the corresponding src/*.ps1 check for this Issue's real Impact wording.","[SYNTHETIC TEST DATA] Placeholder remediation text for 'Authenticated Users Can Create Child Objects in DNS Zone'.","09/21/2026 20:17:10","T1557","vuln2_dns_adidns_createchild","20","3","{""Tier"":""100pct"",""Synthetic"":true}","Medium - removing the broad create-child ACE and confirming no legitimate dynamic-update workflow depends on it, since this is actually the AD-integrated DNS zone's default ACL for supporting computer self-registration.","This permission is the default AD-integrated DNS zone ACL that lets domain-joined computers dynamically register their own DNS records; removing it broadly can break legitimate machine self-registration unless replaced with a Secure-only dynamic update model plus targeted exceptions.","Moderate - export the zone's current ACL first (dnscmd or Get-Acl on the zone's AD object) and reapply if self-registration breaks; changes follow normal AD/DNS replication.","",""
"Admin Equivalence","AdminSDHolder Ghost Account","High","synthetic-object-114.fabrikam.local","[SYNTHETIC TEST DATA] Placeholder finding for 'AdminSDHolder Ghost Account', generated to exercise report rendering - not a real detection result against 'fabrikam.local' or any other domain.","[SYNTHETIC TEST DATA] Placeholder impact text for 'AdminSDHolder Ghost Account'. See src/Scoring.ps1 and the corresponding src/*.ps1 check for this Issue's real Impact wording.","[SYNTHETIC TEST DATA] Placeholder remediation text for 'AdminSDHolder Ghost Account'.","09/21/2026 20:17:10","T1098","vuln2_adminsdholder_ghost","20","3","{""Tier"":""100pct"",""Synthetic"":true}","Low - a single adminCount reset plus re-enabling inheritance on one object.","Low technical risk; confirm the account isn't intentionally protected for an undocumented but legitimate reason (e.g. a break-glass account) before clearing adminCount.","Easy - reset adminCount to 1 and disable inheritance again if needed; effective immediately, no data loss.","",""
"Schema Integrity","AD Display Specifier Tampered","High","synthetic-object-115.fabrikam.local","[SYNTHETIC TEST DATA] Placeholder finding for 'AD Display Specifier Tampered', generated to exercise report rendering - not a real detection result against 'fabrikam.local' or any other domain.","[SYNTHETIC TEST DATA] Placeholder impact text for 'AD Display Specifier Tampered'. See src/Scoring.ps1 and the corresponding src/*.ps1 check for this Issue's real Impact wording.","[SYNTHETIC TEST DATA] Placeholder remediation text for 'AD Display Specifier Tampered'.","09/21/2026 20:17:10","T1098","vuln2_display_specifier_tampered","20","3","{""Tier"":""100pct"",""Synthetic"":true}","Low - removing a single attribute value on this DisplaySpecifier object, but confirm the referenced tool isn't a legitimate (if unusually placed or named) admin console extension before removing.","Removing a legitimate admin console extension (if one happens to be configured this way) will break that specific right-click context-menu action for administrators - confirm before removing. This check only flags a specific set of published, inherently-suspicious patterns (placement, LOLBAS binary names, script extensions); it cannot and does not confirm actual malicious intent or behavior, and a malicious entry placed inside an otherwise-protected system directory with an otherwise-unremarkable name would not be caught by this LDAP-only check.","Easy - record the current adminContextMenu value before removing it; effective immediately, no data loss.","",""
"Stale-Object & Hygiene Depth","Accounts with PASSWD_NOTREQD Set","High","synthetic-object-116.fabrikam.local","[SYNTHETIC TEST DATA] Placeholder finding for 'Accounts with PASSWD_NOTREQD Set', generated to exercise report rendering - not a real detection result against 'fabrikam.local' or any other domain.","[SYNTHETIC TEST DATA] Placeholder impact text for 'Accounts with PASSWD_NOTREQD Set'. See src/Scoring.ps1 and the corresponding src/*.ps1 check for this Issue's real Impact wording.","[SYNTHETIC TEST DATA] Placeholder remediation text for 'Accounts with PASSWD_NOTREQD Set'.","09/21/2026 20:17:10","T1110","vuln2_passwd_notreqd","20","3","{""Tier"":""100pct"",""Synthetic"":true}","Low - clearing a single userAccountControl flag on one account, though note the account still keeps its current (possibly blank/weak) password until it's actually changed.","Clearing the flag alone has no immediate compatibility impact, since the account keeps its current password until it's next changed - this is a two-step fix (clear the flag, then force a password reset), not an instant risk elimination.","Easy - re-set the PASSWD_NOTREQD flag if needed; effective immediately, no data loss.","",""
"Certificate Services","Weak Signature Algorithm in PKI Trust Store","Medium","synthetic-object-117.fabrikam.local","[SYNTHETIC TEST DATA] Placeholder finding for 'Weak Signature Algorithm in PKI Trust Store', generated to exercise report rendering - not a real detection result against 'fabrikam.local' or any other domain.","[SYNTHETIC TEST DATA] Placeholder impact text for 'Weak Signature Algorithm in PKI Trust Store'. See src/Scoring.ps1 and the corresponding src/*.ps1 check for this Issue's real Impact wording.","[SYNTHETIC TEST DATA] Placeholder remediation text for 'Weak Signature Algorithm in PKI Trust Store'.","09/21/2026 20:17:10","T1649","vuln3_adcs_weak_signature","10","2","{""Tier"":""100pct"",""Synthetic"":true}","Medium - reissuing affected certificates with a stronger signature algorithm (e.g. SHA-256+) and coordinating with every consumer of the old chain.","Modern OSes and browsers already reject SHA-1-signed certificates, but legacy embedded devices or older client OSes may only trust the SHA-1 chain and could lose connectivity until they're updated to trust the new one.","Hard/Limited - like other certificate revocation/reissuance, this isn't reversible to the old certificate's validity; keep the old CA certificate available for verifying already-issued signatures if needed.","",""
"Uncategorized (Synthetic)","User Account with SPN (Kerberoasting Risk)","Medium","synthetic-object-118.fabrikam.local","[SYNTHETIC TEST DATA] Placeholder finding for 'User Account with SPN (Kerberoasting Risk)', generated to exercise report rendering - not a real detection result against 'fabrikam.local' or any other domain.","[SYNTHETIC TEST DATA] Placeholder impact text for 'User Account with SPN (Kerberoasting Risk)'. See src/Scoring.ps1 and the corresponding src/*.ps1 check for this Issue's real Impact wording.","[SYNTHETIC TEST DATA] Placeholder remediation text for 'User Account with SPN (Kerberoasting Risk)'.","09/21/2026 20:17:10","T1558.003","vuln3_spn_kerberoast","10","2","{""Tier"":""100pct"",""Synthetic"":true}","Medium - the real fix (migrating to a gMSA, or ensuring a long random password) is a bigger step than removing the SPN, since the SPN is what makes the service reachable via Kerberos; needs coordination with whoever manages the service.","A service account with an SPN and a weak/crackable password is vulnerable to Kerberoasting; migrating to a gMSA (which manages its own long, automatically-rotated password) is the standard fix but requires the hosting application to support gMSA authentication.","Easy - if gMSA migration isn't viable for the application, revert to the original account with a manually-set long/complex password; no data loss, though any ticket captured before the change remains crackable until the old password is retired.","",""
"Domain Trusts","Trust Password Not Recently Rotated","Medium","synthetic-object-119.fabrikam.local","[SYNTHETIC TEST DATA] Placeholder finding for 'Trust Password Not Recently Rotated', generated to exercise report rendering - not a real detection result against 'fabrikam.local' or any other domain.","[SYNTHETIC TEST DATA] Placeholder impact text for 'Trust Password Not Recently Rotated'. See src/Scoring.ps1 and the corresponding src/*.ps1 check for this Issue's real Impact wording.","[SYNTHETIC TEST DATA] Placeholder remediation text for 'Trust Password Not Recently Rotated'.","09/21/2026 20:17:10","T1558","vuln3_trust_pwd_rotation","10","2","{""Tier"":""100pct"",""Synthetic"":true}","Low - a single reset command per trust.","Resetting the trust password briefly interrupts the secure channel until both sides sync, so schedule it during a low-authentication-volume window; a mismatched reset (only one side updated) can break the trust until corrected, a documented Netlogon secure-channel behavior.","Easy - the secure channel can be re-reset on both sides if an issue arises; no data loss beyond a brief authentication interruption.","",""
"User Account","Privileged Account Not in Protected Users Group","Medium","synthetic-object-120.fabrikam.local","[SYNTHETIC TEST DATA] Placeholder finding for 'Privileged Account Not in Protected Users Group', generated to exercise report rendering - not a real detection result against 'fabrikam.local' or any other domain.","[SYNTHETIC TEST DATA] Placeholder impact text for 'Privileged Account Not in Protected Users Group'. See src/Scoring.ps1 and the corresponding src/*.ps1 check for this Issue's real Impact wording.","[SYNTHETIC TEST DATA] Placeholder remediation text for 'Privileged Account Not in Protected Users Group'.","09/21/2026 20:17:10","T1003","vuln3_protected_users","10","2","{""Tier"":""100pct"",""Synthetic"":true}","Medium - Protected Users enforces several non-configurable protections (no NTLM, no DES/RC4, no delegation, no long-lived TGT renewal) that can break dependent legitimate functionality, so Microsoft's own guidance is to pilot it on a test group first.","Protected Users membership blocks NTLM authentication and Kerberos delegation for that account outright; any legitimate use of the account that relies on NTLM or delegation will break the moment it's added.","Easy - remove the account from Protected Users; effective on next logon/ticket renewal, no data loss.","",""
"User Account","Password Never Expires","Medium","synthetic-object-121.fabrikam.local","[SYNTHETIC TEST DATA] Placeholder finding for 'Password Never Expires', generated to exercise report rendering - not a real detection result against 'fabrikam.local' or any other domain.","[SYNTHETIC TEST DATA] Placeholder impact text for 'Password Never Expires'. See src/Scoring.ps1 and the corresponding src/*.ps1 check for this Issue's real Impact wording.","[SYNTHETIC TEST DATA] Placeholder remediation text for 'Password Never Expires'.","09/21/2026 20:17:10","T1078.002","vuln3_password_never_expires","10","2","{""Tier"":""100pct"",""Synthetic"":true}","Low - a single userAccountControl flag (DONT_EXPIRE_PASSWD) per account.","Removing ""password never expires"" starts the account's normal expiration clock, which for a service account can cause an unexpected outage later when the password expires unless the account is migrated to a gMSA or someone tracks the new expiration date; confirm which type of account this is first.","Easy - revert the DONT_EXPIRE_PASSWD flag; effective immediately, no data loss.","",""
"Read-Only Domain Controller Security Posture","Orphaned RODC krbtgt Account","Medium","synthetic-object-122.fabrikam.local","[SYNTHETIC TEST DATA] Placeholder finding for 'Orphaned RODC krbtgt Account', generated to exercise report rendering - not a real detection result against 'fabrikam.local' or any other domain.","[SYNTHETIC TEST DATA] Placeholder impact text for 'Orphaned RODC krbtgt Account'. See src/Scoring.ps1 and the corresponding src/*.ps1 check for this Issue's real Impact wording.","[SYNTHETIC TEST DATA] Placeholder remediation text for 'Orphaned RODC krbtgt Account'.","09/21/2026 20:17:10","T1078.002","vuln3_rodc_krbtgt_orphan","10","2","{""Tier"":""100pct"",""Synthetic"":true}","Low - a single account deprovisioning/delete action for a decommissioned RODC.","Low risk deleting a krbtgt account for a genuinely decommissioned RODC; confirm the RODC is truly gone (not just temporarily offline) before deleting, since each RODC has its own dedicated krbtgt account by design.","Hard/Limited - a deleted RODC-specific krbtgt account isn't restored; if the RODC is later reintroduced it needs a new krbtgt account provisioned as part of a fresh RODC installation.","",""
"Domain Hardening","Null-Session Pipe/Share Access Permitted","Medium","synthetic-object-123.fabrikam.local","[SYNTHETIC TEST DATA] Placeholder finding for 'Null-Session Pipe/Share Access Permitted', generated to exercise report rendering - not a real detection result against 'fabrikam.local' or any other domain.","[SYNTHETIC TEST DATA] Placeholder impact text for 'Null-Session Pipe/Share Access Permitted'. See src/Scoring.ps1 and the corresponding src/*.ps1 check for this Issue's real Impact wording.","[SYNTHETIC TEST DATA] Placeholder remediation text for 'Null-Session Pipe/Share Access Permitted'.","09/21/2026 20:17:10","T1135","vuln3_null_session_access","10","2","{""Tier"":""100pct"",""Synthetic"":true}","Medium - restricting NullSessionPipes/NullSessionShares across every DC; confirm no legacy trust relationship or very old third-party tool relies on anonymous IPC$/named-pipe access.","Removing null-session access can break very old applications or trust setups that rely on anonymous IPC$ or named-pipe access, though this is rare in modern environments.","Easy - restore the prior registry/GPO values; effective at next policy refresh/service restart.","",""
"Legacy Auth & Name Poisoning","NTLM Authentication Not Restricted in Domain","Medium","synthetic-object-124.fabrikam.local","[SYNTHETIC TEST DATA] Placeholder finding for 'NTLM Authentication Not Restricted in Domain', generated to exercise report rendering - not a real detection result against 'fabrikam.local' or any other domain.","[SYNTHETIC TEST DATA] Placeholder impact text for 'NTLM Authentication Not Restricted in Domain'. See src/Scoring.ps1 and the corresponding src/*.ps1 check for this Issue's real Impact wording.","[SYNTHETIC TEST DATA] Placeholder remediation text for 'NTLM Authentication Not Restricted in Domain'.","09/21/2026 20:17:10","T1557.001","vuln3_ntlm_not_restricted","10","2","{""Tier"":""100pct"",""Synthetic"":true}","High - fully restricting NTLM requires first auditing which applications/services still depend on it (often significant in legacy environments), then migrating or explicitly exempting each one, before enforcement can be raised to a deny level without breaking authentication.","Moving straight to a deny level without an audit period first will break authentication for any application, service, or legacy client that still relies on NTLM and has no Kerberos alternative configured - a real and common operational risk in mixed environments.","Easy - revert the GPO setting to 0 (Allow all); effective at next Group Policy refresh, no data loss.","",""
"Machine Account Quota","Non-Zero Machine Account Quota","Medium","synthetic-object-125.fabrikam.local","[SYNTHETIC TEST DATA] Placeholder finding for 'Non-Zero Machine Account Quota', generated to exercise report rendering - not a real detection result against 'fabrikam.local' or any other domain.","[SYNTHETIC TEST DATA] Placeholder impact text for 'Non-Zero Machine Account Quota'. See src/Scoring.ps1 and the corresponding src/*.ps1 check for this Issue's real Impact wording.","[SYNTHETIC TEST DATA] Placeholder remediation text for 'Non-Zero Machine Account Quota'.","09/21/2026 20:17:10","T1136.002","vuln3_maq_nonzero","10","2","{""Tier"":""100pct"",""Synthetic"":true}","Low - a single domain-wide attribute (ms-DS-MachineAccountQuota).","Lowering the quota to zero only prevents self-service computer joins by regular users; legitimate machine joins via delegated Create Computer Objects rights are unaffected.","Easy - revert the ms-DS-MachineAccountQuota attribute to its prior value; effective immediately, no data loss.","",""
"Audit Policy","No Auditing on Domain Root Object","Medium","synthetic-object-126.fabrikam.local","[SYNTHETIC TEST DATA] Placeholder finding for 'No Auditing on Domain Root Object', generated to exercise report rendering - not a real detection result against 'fabrikam.local' or any other domain.","[SYNTHETIC TEST DATA] Placeholder impact text for 'No Auditing on Domain Root Object'. See src/Scoring.ps1 and the corresponding src/*.ps1 check for this Issue's real Impact wording.","[SYNTHETIC TEST DATA] Placeholder remediation text for 'No Auditing on Domain Root Object'.","09/21/2026 20:17:10","T1685.001","vuln3_no_audit_domain_root","10","2","{""Tier"":""100pct"",""Synthetic"":true}","Low - adding a SACL entry to one object.","No access-control impact; increases Security event log volume for changes to this specific object.","Easy - remove the SACL entry; effective immediately, no data loss.","",""
"Audit Policy","No Auditing on AdminSDHolder Object","Medium","synthetic-object-127.fabrikam.local","[SYNTHETIC TEST DATA] Placeholder finding for 'No Auditing on AdminSDHolder Object', generated to exercise report rendering - not a real detection result against 'fabrikam.local' or any other domain.","[SYNTHETIC TEST DATA] Placeholder impact text for 'No Auditing on AdminSDHolder Object'. See src/Scoring.ps1 and the corresponding src/*.ps1 check for this Issue's real Impact wording.","[SYNTHETIC TEST DATA] Placeholder remediation text for 'No Auditing on AdminSDHolder Object'.","09/21/2026 20:17:10","T1685.001","vuln3_no_audit_adminsdholder","10","2","{""Tier"":""100pct"",""Synthetic"":true}","Low - adding a SACL entry to one object.","No access-control impact; increases Security event log volume for changes to this specific object.","Easy - remove the SACL entry; effective immediately, no data loss.","",""
"Replication Security","Membership in Privileged Operations Group","Medium","synthetic-object-128.fabrikam.local","[SYNTHETIC TEST DATA] Placeholder finding for 'Membership in Privileged Operations Group', generated to exercise report rendering - not a real detection result against 'fabrikam.local' or any other domain.","[SYNTHETIC TEST DATA] Placeholder impact text for 'Membership in Privileged Operations Group'. See src/Scoring.ps1 and the corresponding src/*.ps1 check for this Issue's real Impact wording.","[SYNTHETIC TEST DATA] Placeholder remediation text for 'Membership in Privileged Operations Group'.","09/21/2026 20:17:10","T1078.002","vuln3_privileged_ops_group","10","2","{""Tier"":""100pct"",""Synthetic"":true}","Medium - reviewing each member of the operations group (e.g. Backup/Server/Account/Print Operators) for actual ongoing need, rather than a single mechanical change.","Removing a member who still has a legitimate operational need for the group's rights will break their ability to perform that work until re-added, so confirm with each member or their manager first.","Easy - re-add any member whose need is confirmed; effective on next Kerberos ticket refresh, no data loss.","",""
"Legacy Auth & Name Poisoning","LLMNR Not Disabled by Policy","Medium","synthetic-object-129.fabrikam.local","[SYNTHETIC TEST DATA] Placeholder finding for 'LLMNR Not Disabled by Policy', generated to exercise report rendering - not a real detection result against 'fabrikam.local' or any other domain.","[SYNTHETIC TEST DATA] Placeholder impact text for 'LLMNR Not Disabled by Policy'. See src/Scoring.ps1 and the corresponding src/*.ps1 check for this Issue's real Impact wording.","[SYNTHETIC TEST DATA] Placeholder remediation text for 'LLMNR Not Disabled by Policy'.","09/21/2026 20:17:10","T1557.001","vuln3_llmnr_not_disabled","10","2","{""Tier"":""100pct"",""Synthetic"":true}","Low - a single GPO setting (Turn Off Multicast Name Resolution) applied domain-wide.","Disabling LLMNR removes a fallback name-resolution mechanism used when DNS fails to resolve a name, so environments with intermittent DNS issues could see minor resolution failures surface that LLMNR was previously masking.","Easy - revert the GPO setting; effective at next Group Policy refresh, no data loss.","",""
"Domain Security","Legacy Operating Systems in Domain","Medium","synthetic-object-130.fabrikam.local","[SYNTHETIC TEST DATA] Placeholder finding for 'Legacy Operating Systems in Domain', generated to exercise report rendering - not a real detection result against 'fabrikam.local' or any other domain.","[SYNTHETIC TEST DATA] Placeholder impact text for 'Legacy Operating Systems in Domain'. See src/Scoring.ps1 and the corresponding src/*.ps1 check for this Issue's real Impact wording.","[SYNTHETIC TEST DATA] Placeholder remediation text for 'Legacy Operating Systems in Domain'.","09/21/2026 20:17:10","T1210","vuln3_legacy_os","10","2","{""Tier"":""100pct"",""Synthetic"":true}","High - decommissioning or upgrading legacy-OS systems is an environment-wide project requiring an application-dependency inventory and phased migration, not a single change.","Decommissioning or isolating a legacy-OS system can break any application still tied to it (e.g. an old line-of-business app that only runs on that OS), so this needs a dependency inventory first.","Hard/Limited - upgrading or decommissioning a legacy host is generally a one-way project; where feasible, take a full backup or VM snapshot of the host before changing it as the practical safety net.","",""
"Kerberos Security","KRBTGT Password Last Set Date Unknown","Medium","synthetic-object-131.fabrikam.local","[SYNTHETIC TEST DATA] Placeholder finding for 'KRBTGT Password Last Set Date Unknown', generated to exercise report rendering - not a real detection result against 'fabrikam.local' or any other domain.","[SYNTHETIC TEST DATA] Placeholder impact text for 'KRBTGT Password Last Set Date Unknown'. See src/Scoring.ps1 and the corresponding src/*.ps1 check for this Issue's real Impact wording.","[SYNTHETIC TEST DATA] Placeholder remediation text for 'KRBTGT Password Last Set Date Unknown'.","09/21/2026 20:17:10","T1558.001","vuln3_krbtgt_unknown","10","2","{""Tier"":""100pct"",""Synthetic"":true}","Low - primarily an investigation into why the date is unreadable; if the password does turn out to be genuinely stale, treat it like the age-exceeded finding above.","Same ticket-invalidation risk as an overdue rotation once a reset is actually performed.","Hard/Limited - once reset, the password cannot be restored to a prior value.","Investigate why pwdLastSet is unreadable (a permissions or replication issue) before assuming the password is actually stale.",""
"Kerberos Security","KRBTGT Password Approaching Rotation Threshold","Medium","synthetic-object-132.fabrikam.local","[SYNTHETIC TEST DATA] Placeholder finding for 'KRBTGT Password Approaching Rotation Threshold', generated to exercise report rendering - not a real detection result against 'fabrikam.local' or any other domain.","[SYNTHETIC TEST DATA] Placeholder impact text for 'KRBTGT Password Approaching Rotation Threshold'. See src/Scoring.ps1 and the corresponding src/*.ps1 check for this Issue's real Impact wording.","[SYNTHETIC TEST DATA] Placeholder remediation text for 'KRBTGT Password Approaching Rotation Threshold'.","09/21/2026 20:17:10","T1558.001","vuln3_krbtgt_approaching","10","2","{""Tier"":""100pct"",""Synthetic"":true}","Low - a routine, scheduled reset (or paced double reset) following Microsoft's standard rotation cadence, timed for a low-usage window rather than reactive to an incident.","Same ticket-invalidation risk as an overdue rotation, but being proactive/scheduled reduces disruption since it can be timed for a low-usage window.","Hard/Limited - a password reset cannot be undone to the old value, only reset again.","",""
"Stale-Object & Hygiene Depth","Insufficient Domain Controller Count","Medium","synthetic-object-133.fabrikam.local","[SYNTHETIC TEST DATA] Placeholder finding for 'Insufficient Domain Controller Count', generated to exercise report rendering - not a real detection result against 'fabrikam.local' or any other domain.","[SYNTHETIC TEST DATA] Placeholder impact text for 'Insufficient Domain Controller Count'. See src/Scoring.ps1 and the corresponding src/*.ps1 check for this Issue's real Impact wording.","[SYNTHETIC TEST DATA] Placeholder remediation text for 'Insufficient Domain Controller Count'.","09/21/2026 20:17:10","T1485","vuln3_insufficient_dc_count","10","2","{""Tier"":""100pct"",""Synthetic"":true}","High - adding DCs is an infrastructure project (server/VM provisioning, licensing, capacity planning, possibly a new site), not a configuration change, and needs coordination with infrastructure/capacity-planning teams.","No risk from adding a DC itself beyond the normal operational load of any new DC promotion (replication during initial sync); the risk this finding actually describes is the opposite - insufficient redundancy leaves directory availability exposed if the remaining DC(s) fail.","Easy - a newly added DC can be demoted/removed later if genuinely not needed, with no impact on existing DCs.","",""
"Audit Policy","Insufficient Audit Policy Configuration","Medium","synthetic-object-134.fabrikam.local","[SYNTHETIC TEST DATA] Placeholder finding for 'Insufficient Audit Policy Configuration', generated to exercise report rendering - not a real detection result against 'fabrikam.local' or any other domain.","[SYNTHETIC TEST DATA] Placeholder impact text for 'Insufficient Audit Policy Configuration'. See src/Scoring.ps1 and the corresponding src/*.ps1 check for this Issue's real Impact wording.","[SYNTHETIC TEST DATA] Placeholder remediation text for 'Insufficient Audit Policy Configuration'.","09/21/2026 20:17:10","T1685.001","vuln3_audit_insufficient","10","2","{""Tier"":""100pct"",""Synthetic"":true}","Medium - a domain-wide GPO change validated across every DC.","Purely additive logging; essentially no access-control risk, but increases Security event log volume and may need log-size/SIEM capacity planning.","Easy - revert the GPO setting; effective at next Group Policy refresh, no data loss.","",""
"Group Policy","Insecure Setting Deployed via GPO","Medium","synthetic-object-135.fabrikam.local","[SYNTHETIC TEST DATA] Placeholder finding for 'Insecure Setting Deployed via GPO', generated to exercise report rendering - not a real detection result against 'fabrikam.local' or any other domain.","[SYNTHETIC TEST DATA] Placeholder impact text for 'Insecure Setting Deployed via GPO'. See src/Scoring.ps1 and the corresponding src/*.ps1 check for this Issue's real Impact wording.","[SYNTHETIC TEST DATA] Placeholder remediation text for 'Insecure Setting Deployed via GPO'.","09/21/2026 20:17:10","T1484.001","vuln3_gpo_insecure_setting","10","2","{""Tier"":""100pct"",""Synthetic"":true}","Medium - a single GPO setting change; confirm no application depends on the weaker current setting before tightening it.","Depends on the specific setting; generically, confirm no application or workflow relies on the current, weaker behavior before changing it.","Easy - revert the specific GPO setting; effective at next Group Policy refresh, no data loss.","",""
"DNS Security","Insecure Dynamic DNS Updates Enabled","Medium","synthetic-object-136.fabrikam.local","[SYNTHETIC TEST DATA] Placeholder finding for 'Insecure Dynamic DNS Updates Enabled', generated to exercise report rendering - not a real detection result against 'fabrikam.local' or any other domain.","[SYNTHETIC TEST DATA] Placeholder impact text for 'Insecure Dynamic DNS Updates Enabled'. See src/Scoring.ps1 and the corresponding src/*.ps1 check for this Issue's real Impact wording.","[SYNTHETIC TEST DATA] Placeholder remediation text for 'Insecure Dynamic DNS Updates Enabled'.","09/21/2026 20:17:10","T1557","vuln3_dns_insecure_updates","10","2","{""Tier"":""100pct"",""Synthetic"":true}","Medium - switching to secure-only dynamic updates requires the zone to already be AD-integrated, and breaks self-registration for any non-domain-joined device currently updating its own record.","Switching to secure-only updates will break dynamic registration from any non-Windows or non-domain-joined device that currently self-registers (some Linux/IoT/appliance DHCP-DNS integrations), a documented Microsoft behavior.","Easy - revert the zone's dynamic-update setting; effective immediately, no data loss to existing records.","",""
"LAPS Deployment","Incomplete LAPS Coverage","Medium","synthetic-object-137.fabrikam.local","[SYNTHETIC TEST DATA] Placeholder finding for 'Incomplete LAPS Coverage', generated to exercise report rendering - not a real detection result against 'fabrikam.local' or any other domain.","[SYNTHETIC TEST DATA] Placeholder impact text for 'Incomplete LAPS Coverage'. See src/Scoring.ps1 and the corresponding src/*.ps1 check for this Issue's real Impact wording.","[SYNTHETIC TEST DATA] Placeholder remediation text for 'Incomplete LAPS Coverage'.","09/21/2026 20:17:10","T1078.003","vuln3_laps_incomplete","10","2","{""Tier"":""100pct"",""Synthetic"":true}","Medium - extending the LAPS GPO/CSE to additional OUs or computers, and validating the schema attributes and client/CSE are present on the newly covered machines.","Low technical risk deploying LAPS more broadly; the main risk is procedural - confirm target computers are already schema-extended and have the LAPS client installed before expecting the GPO to take effect.","Easy - remove the GPO link/scope for the newly covered OUs if needed; LAPS-managed passwords already set remain valid, no data loss.","",""
"Domain Trusts","Forest Trust Without Selective Authentication","Medium","synthetic-object-138.fabrikam.local","[SYNTHETIC TEST DATA] Placeholder finding for 'Forest Trust Without Selective Authentication', generated to exercise report rendering - not a real detection result against 'fabrikam.local' or any other domain.","[SYNTHETIC TEST DATA] Placeholder impact text for 'Forest Trust Without Selective Authentication'. See src/Scoring.ps1 and the corresponding src/*.ps1 check for this Issue's real Impact wording.","[SYNTHETIC TEST DATA] Placeholder remediation text for 'Forest Trust Without Selective Authentication'.","09/21/2026 20:17:10","T1482","vuln3_no_selective_auth","10","2","{""Tier"":""100pct"",""Synthetic"":true}","Medium - enabling selective authentication requires then explicitly granting ""Allowed to Authenticate"" rights to every resource/group that legitimately needs cross-forest access, so plan a discovery pass of existing cross-forest access first.","Enabling selective authentication immediately blocks all cross-forest authentication except where an explicit Allowed-to-Authenticate ACE has been granted, so existing legitimate cross-forest access will break until those ACEs are added.","Easy - toggle selective authentication back off via Domains and Trusts; effective immediately, no data loss.","",""
"LAPS Deployment","Expired LAPS Passwords","Medium","synthetic-object-139.fabrikam.local","[SYNTHETIC TEST DATA] Placeholder finding for 'Expired LAPS Passwords', generated to exercise report rendering - not a real detection result against 'fabrikam.local' or any other domain.","[SYNTHETIC TEST DATA] Placeholder impact text for 'Expired LAPS Passwords'. See src/Scoring.ps1 and the corresponding src/*.ps1 check for this Issue's real Impact wording.","[SYNTHETIC TEST DATA] Placeholder remediation text for 'Expired LAPS Passwords'.","09/21/2026 20:17:10","T1078.003","vuln3_laps_expired","10","2","{""Tier"":""100pct"",""Synthetic"":true}","Low - LAPS rotates each computer's password on its own schedule; an expired password typically self-corrects at the next rotation unless something is blocking it.","Low risk; forcing an immediate rotation on affected computers just changes the local admin password, with no compatibility impact beyond any manual process needing to fetch the new password from AD afterward.","Easy - LAPS keeps rotating on its own; there is no rollback needed, since a new randomly generated password is the intended end state.","",""
"Dangerous Permissions","Enterprise Key Admins Permissions Not Scoped to msDS-KeyCredentialLink","Medium","synthetic-object-140.fabrikam.local","[SYNTHETIC TEST DATA] Placeholder finding for 'Enterprise Key Admins Permissions Not Scoped to msDS-KeyCredentialLink', generated to exercise report rendering - not a real detection result against 'fabrikam.local' or any other domain.","[SYNTHETIC TEST DATA] Placeholder impact text for 'Enterprise Key Admins Permissions Not Scoped to msDS-KeyCredentialLink'. See src/Scoring.ps1 and the corresponding src/*.ps1 check for this Issue's real Impact wording.","[SYNTHETIC TEST DATA] Placeholder remediation text for 'Enterprise Key Admins Permissions Not Scoped to msDS-KeyCredentialLink'.","09/21/2026 20:17:10","T1556","vuln3_enterprise_key_admins_scope","10","2","{""Tier"":""100pct"",""Synthetic"":true}","Medium - a single-object ACE removal, but on a forest-wide replicated object, so it warrants confirming with the relevant application owner (e.g. Exchange, ADFS, or backup/DR tooling that sometimes provisions Configuration-NC rights during setup) before removing, plus a short post-change monitoring window.","Removing the ACE could break a directory-integrated product that legitimately extends the Configuration container (commonly Exchange setup/recipient-update accounts, or certain backup/DR tools) if the trustee is a genuine service account rather than a misconfiguration.","Moderate - export the object's current nTSecurityDescriptor (e.g. via dsacls or Get-Acl on the AD: PowerShell drive) before making the change so the exact ACE can be re-added if needed, and allow for AD replication convergence across all DCs before the removal is fully in effect forest-wide.","Since this ACE sits above the Public Key Services container this tool's own AD CS checks already review separately, cross-check the trustee against any known certificate-services or Exchange install accounts before removing it, to avoid duplicating remediation effort on the wrong object.",""
"Stale-Object & Hygiene Depth","Duplicate Service Principal Names","Medium","synthetic-object-141.fabrikam.local","[SYNTHETIC TEST DATA] Placeholder finding for 'Duplicate Service Principal Names', generated to exercise report rendering - not a real detection result against 'fabrikam.local' or any other domain.","[SYNTHETIC TEST DATA] Placeholder impact text for 'Duplicate Service Principal Names'. See src/Scoring.ps1 and the corresponding src/*.ps1 check for this Issue's real Impact wording.","[SYNTHETIC TEST DATA] Placeholder remediation text for 'Duplicate Service Principal Names'.","09/21/2026 20:17:10","T1098","vuln3_duplicate_spn","10","2","{""Tier"":""100pct"",""Synthetic"":true}","Medium - Kerberos treats a duplicate SPN as ambiguous, and identifying which account should legitimately hold the SPN (versus the stale/incorrect one) requires investigation before removing it.","Removing the SPN from the wrong account (rather than the stale one) can break the legitimate service instead of fixing the conflict.","Easy - re-add the SPN to the account it was removed from via setspn; effective immediately, no data loss.","",""
"DNS Security","DNS Zone Transfer Allowed","Medium","synthetic-object-142.fabrikam.local","[SYNTHETIC TEST DATA] Placeholder finding for 'DNS Zone Transfer Allowed', generated to exercise report rendering - not a real detection result against 'fabrikam.local' or any other domain.","[SYNTHETIC TEST DATA] Placeholder impact text for 'DNS Zone Transfer Allowed'. See src/Scoring.ps1 and the corresponding src/*.ps1 check for this Issue's real Impact wording.","[SYNTHETIC TEST DATA] Placeholder remediation text for 'DNS Zone Transfer Allowed'.","09/21/2026 20:17:10","T1590.002","vuln3_dns_zone_transfer","10","2","{""Tier"":""100pct"",""Synthetic"":true}","Low - restricting zone transfer to specific secondary server IPs is a single zone property.","Restricting zone transfer will break any legitimate secondary DNS server that currently relies on unrestricted transfer, so confirm the authorized secondary list first.","Easy - revert to the prior zone-transfer setting; effective immediately, no data loss.","",""
"AdminSDHolder","Deny ACE on AdminSDHolder","Medium","synthetic-object-143.fabrikam.local","[SYNTHETIC TEST DATA] Placeholder finding for 'Deny ACE on AdminSDHolder', generated to exercise report rendering - not a real detection result against 'fabrikam.local' or any other domain.","[SYNTHETIC TEST DATA] Placeholder impact text for 'Deny ACE on AdminSDHolder'. See src/Scoring.ps1 and the corresponding src/*.ps1 check for this Issue's real Impact wording.","[SYNTHETIC TEST DATA] Placeholder remediation text for 'Deny ACE on AdminSDHolder'.","09/21/2026 20:17:10","T1098","vuln3_adminsdholder_deny_ace","10","2","{""Tier"":""100pct"",""Synthetic"":true}","Low - removing a single unexpected Deny ACE from one object.","Low technical risk removing an unexpected deny entry, but confirm it wasn't intentionally placed to block a specific known-compromised or decommissioned account before removing it, since that would re-permit whatever it was blocking.","Moderate - export the AdminSDHolder ACL before changing it; the removal only reaches every protected object after SDProp's next propagation cycle.","",""
"User Account","Built-in Guest Account Enabled","Medium","synthetic-object-144.fabrikam.local","[SYNTHETIC TEST DATA] Placeholder finding for 'Built-in Guest Account Enabled', generated to exercise report rendering - not a real detection result against 'fabrikam.local' or any other domain.","[SYNTHETIC TEST DATA] Placeholder impact text for 'Built-in Guest Account Enabled'. See src/Scoring.ps1 and the corresponding src/*.ps1 check for this Issue's real Impact wording.","[SYNTHETIC TEST DATA] Placeholder remediation text for 'Built-in Guest Account Enabled'.","09/21/2026 20:17:10","T1078","vuln3_guest_account_enabled","10","2","{""Tier"":""100pct"",""Synthetic"":true}","Low - a single account disable; confirm no legacy application specifically authenticates as Guest first.","Disabling Guest is safe in virtually all modern environments; confirm no legacy kiosk/anonymous-access workflow depends on it before disabling.","Easy - re-enable the account if needed; no data loss either way.","",""
"Domain Hardening","Anonymous LDAP / RootDSE Binding Permitted","Medium","synthetic-object-145.fabrikam.local","[SYNTHETIC TEST DATA] Placeholder finding for 'Anonymous LDAP / RootDSE Binding Permitted', generated to exercise report rendering - not a real detection result against 'fabrikam.local' or any other domain.","[SYNTHETIC TEST DATA] Placeholder impact text for 'Anonymous LDAP / RootDSE Binding Permitted'. See src/Scoring.ps1 and the corresponding src/*.ps1 check for this Issue's real Impact wording.","[SYNTHETIC TEST DATA] Placeholder remediation text for 'Anonymous LDAP / RootDSE Binding Permitted'.","09/21/2026 20:17:10","T1087.002","vuln3_anonymous_bind","10","2","{""Tier"":""100pct"",""Synthetic"":true}","Medium - disabling anonymous LDAP bind requires confirming no legacy or third-party application relies on anonymous read access first.","Some legacy or third-party applications (older Unix LDAP clients, network appliances) query AD anonymously for RootDSE/schema info or basic lookups and will break once anonymous bind is disabled.","Easy - revert the dsHeuristics anonymous-bind bit (or equivalent registry/GPO setting) to its prior value; effective at next LDAP bind attempt, no data loss.","",""
"Domain Security","Account Lockout Threshold Above Recommended Maximum","Medium","synthetic-object-146.fabrikam.local","[SYNTHETIC TEST DATA] Placeholder finding for 'Account Lockout Threshold Above Recommended Maximum', generated to exercise report rendering - not a real detection result against 'fabrikam.local' or any other domain.","[SYNTHETIC TEST DATA] Placeholder impact text for 'Account Lockout Threshold Above Recommended Maximum'. See src/Scoring.ps1 and the corresponding src/*.ps1 check for this Issue's real Impact wording.","[SYNTHETIC TEST DATA] Placeholder remediation text for 'Account Lockout Threshold Above Recommended Maximum'.","09/21/2026 20:17:10","T1110","vuln3_lockout_threshold_high","10","2","{""Tier"":""100pct"",""Synthetic"":true}","Low - a single Default Domain Policy GPO value change.","Lowering the threshold increases the chance a legitimate user locks themselves out after a few genuine mistyped passwords, which may increase helpdesk password-reset/unlock volume.","Easy - revert the GPO setting; effective at next Group Policy refresh, no data loss.","",""
"Group Policy","Unlinked GPO","Low","synthetic-object-147.fabrikam.local","[SYNTHETIC TEST DATA] Placeholder finding for 'Unlinked GPO', generated to exercise report rendering - not a real detection result against 'fabrikam.local' or any other domain.","[SYNTHETIC TEST DATA] Placeholder impact text for 'Unlinked GPO'. See src/Scoring.ps1 and the corresponding src/*.ps1 check for this Issue's real Impact wording.","[SYNTHETIC TEST DATA] Placeholder remediation text for 'Unlinked GPO'.","09/21/2026 20:17:10","T1484.001","vuln5_unlinked_gpo","1","1","{""Tier"":""100pct"",""Synthetic"":true}","Low - this is a hygiene finding; typical remediation is to delete the unused GPO or formally document/retain it.","Deleting an unlinked GPO is safe in the sense that it isn't currently applied anywhere, but if it's only temporarily unlinked (e.g. staged for a future rollout), deleting it loses that work - confirm with whoever created it first.","Moderate - back up the GPO with Backup-GPO before deleting so it can be restored with Restore-GPO if needed.","",""
"Admin Equivalence","SID History Attribute Populated","Low","synthetic-object-148.fabrikam.local","[SYNTHETIC TEST DATA] Placeholder finding for 'SID History Attribute Populated', generated to exercise report rendering - not a real detection result against 'fabrikam.local' or any other domain.","[SYNTHETIC TEST DATA] Placeholder impact text for 'SID History Attribute Populated'. See src/Scoring.ps1 and the corresponding src/*.ps1 check for this Issue's real Impact wording.","[SYNTHETIC TEST DATA] Placeholder remediation text for 'SID History Attribute Populated'.","09/21/2026 20:17:10","T1134.005","vuln5_sid_history_populated","1","1","{""Tier"":""100pct"",""Synthetic"":true}","Low - clearing sIDHistory is a single-attribute change once a completed migration is confirmed.","Clearing sIDHistory before every migrated resource's ACL has been updated to the new SID breaks the account's access to resources that still only trust the old SID - confirm migration completion first.","Hard/Limited - sIDHistory can't be restored without re-injecting it via the same migration tooling (e.g. ADMT) that originally populated it.","",""
"Domain Security","Short Tombstone Lifetime","Low","synthetic-object-149.fabrikam.local","[SYNTHETIC TEST DATA] Placeholder finding for 'Short Tombstone Lifetime', generated to exercise report rendering - not a real detection result against 'fabrikam.local' or any other domain.","[SYNTHETIC TEST DATA] Placeholder impact text for 'Short Tombstone Lifetime'. See src/Scoring.ps1 and the corresponding src/*.ps1 check for this Issue's real Impact wording.","[SYNTHETIC TEST DATA] Placeholder remediation text for 'Short Tombstone Lifetime'.","09/21/2026 20:17:10","","vuln5_short_tombstone_lifetime","1","1","{""Tier"":""100pct"",""Synthetic"":true}","Low - a single attribute change on one forest-wide object, reversible immediately, with no maintenance window needed.","Low technical risk; lengthening the value only extends the object-recovery and backup-usability window going forward and does not affect current authentication, replication, or application behavior.","Easy - revert tombstoneLifetime to its prior value with the same Set-ADObject command; takes effect as the change replicates, with no data-loss risk since increasing the value only lengthens, never shortens, the existing recovery window.","",""
"Domain Security","Outdated Forest Functional Level","Low","synthetic-object-150.fabrikam.local","[SYNTHETIC TEST DATA] Placeholder finding for 'Outdated Forest Functional Level', generated to exercise report rendering - not a real detection result against 'fabrikam.local' or any other domain.","[SYNTHETIC TEST DATA] Placeholder impact text for 'Outdated Forest Functional Level'. See src/Scoring.ps1 and the corresponding src/*.ps1 check for this Issue's real Impact wording.","[SYNTHETIC TEST DATA] Placeholder remediation text for 'Outdated Forest Functional Level'.","09/21/2026 20:17:10","T1078.002","vuln4_outdated_ffl","4","1","{""Tier"":""100pct"",""Synthetic"":true}","High - every DC in every domain of the forest must already be running the target Windows Server version before the raise will succeed, so this needs a forest-wide inventory and sign-off from every domain admin, not just the forest root.","Low technical risk to clients or applications from the raise itself; the main risk is procedural - a raised forest functional level cannot be cleanly undone, so confirm no domain still has down-level DCs and that no AD-integrated product (e.g. Exchange) pins to the current level before proceeding.","Hard/Limited - per Microsoft documentation a forest functional level generally cannot be lowered once raised, with one narrow exception (Windows Server 2012 down to 2008 R2, only if the AD Recycle Bin has not been enabled); there is no attribute-level export or standard AD backup mechanism that undoes this change.","Raising the forest functional level does not raise domain functional levels, which are configured and must be raised separately if the goal is also to unlock domain-level features.",""
"Domain Security","Outdated Domain Functional Level","Low","synthetic-object-151.fabrikam.local","[SYNTHETIC TEST DATA] Placeholder finding for 'Outdated Domain Functional Level', generated to exercise report rendering - not a real detection result against 'fabrikam.local' or any other domain.","[SYNTHETIC TEST DATA] Placeholder impact text for 'Outdated Domain Functional Level'. See src/Scoring.ps1 and the corresponding src/*.ps1 check for this Issue's real Impact wording.","[SYNTHETIC TEST DATA] Placeholder remediation text for 'Outdated Domain Functional Level'.","09/21/2026 20:17:10","T1078.002","vuln4_outdated_dfl","4","1","{""Tier"":""100pct"",""Synthetic"":true}","High - every DC in the domain must already be at or above the target OS level before the raise succeeds, requiring a domain-wide inventory and sign-off before proceeding.","Low technical risk from the raise itself; the main risk is procedural - confirm no down-level DCs remain, and that domain-functional-level-gated features (e.g. Protected Users, Kerberos armoring/FAST support) aren't silently unavailable at the current level.","Hard/Limited - like forest functional level, a raised domain functional level is designed not to be rolled back once every DC has adopted it; treat the raise as a one-way step.","",""
"AdminSDHolder","Orphaned adminCount Attribute","Low","synthetic-object-152.fabrikam.local","[SYNTHETIC TEST DATA] Placeholder finding for 'Orphaned adminCount Attribute', generated to exercise report rendering - not a real detection result against 'fabrikam.local' or any other domain.","[SYNTHETIC TEST DATA] Placeholder impact text for 'Orphaned adminCount Attribute'. See src/Scoring.ps1 and the corresponding src/*.ps1 check for this Issue's real Impact wording.","[SYNTHETIC TEST DATA] Placeholder remediation text for 'Orphaned adminCount Attribute'.","09/21/2026 20:17:10","T1078.002","vuln4_orphaned_admincount","4","1","{""Tier"":""100pct"",""Synthetic"":true}","Low - reset a single attribute and re-enable inheritance on one object.","Low technical risk; confirm the object isn't intentionally kept protected for an undocumented reason before clearing.","Easy - reset adminCount and inheritance back if needed; effective immediately, no data loss.","",""
"User Account","Old Password","Low","synthetic-object-153.fabrikam.local","[SYNTHETIC TEST DATA] Placeholder finding for 'Old Password', generated to exercise report rendering - not a real detection result against 'fabrikam.local' or any other domain.","[SYNTHETIC TEST DATA] Placeholder impact text for 'Old Password'. See src/Scoring.ps1 and the corresponding src/*.ps1 check for this Issue's real Impact wording.","[SYNTHETIC TEST DATA] Placeholder remediation text for 'Old Password'.","09/21/2026 20:17:10","T1110","vuln4_old_password","4","1","{""Tier"":""100pct"",""Synthetic"":true}","Low - a single password reset/expiration action per account, though service accounts may need coordinated rotation everywhere the password is configured.","Forcing a password change requires the account owner to set a new password at next logon, a routine (if sometimes disruptive for service accounts) operational step; for service accounts, the manual rotation must be coordinated everywhere that account is configured.","Hard/Limited - a password can only be reset again, not restored to its previous (already known/old) value.","",""
"Legacy Attack Vector","Legacy Logon Script Defined","Low","synthetic-object-154.fabrikam.local","[SYNTHETIC TEST DATA] Placeholder finding for 'Legacy Logon Script Defined', generated to exercise report rendering - not a real detection result against 'fabrikam.local' or any other domain.","[SYNTHETIC TEST DATA] Placeholder impact text for 'Legacy Logon Script Defined'. See src/Scoring.ps1 and the corresponding src/*.ps1 check for this Issue's real Impact wording.","[SYNTHETIC TEST DATA] Placeholder remediation text for 'Legacy Logon Script Defined'.","09/21/2026 20:17:10","T1037","vuln4_legacy_logon_script","4","1","{""Tier"":""100pct"",""Synthetic"":true}","Low - a single scriptPath/userWorkstations-style attribute per account.","Removing or migrating a working legacy logon script could break whatever the script does for affected users until an equivalent modern (GPO-based) replacement is validated.","Easy - restore the scriptPath attribute to its prior value; effective at next logon, no data loss.","",""
"User Account","Inactive Enabled Account","Low","synthetic-object-155.fabrikam.local","[SYNTHETIC TEST DATA] Placeholder finding for 'Inactive Enabled Account', generated to exercise report rendering - not a real detection result against 'fabrikam.local' or any other domain.","[SYNTHETIC TEST DATA] Placeholder impact text for 'Inactive Enabled Account'. See src/Scoring.ps1 and the corresponding src/*.ps1 check for this Issue's real Impact wording.","[SYNTHETIC TEST DATA] Placeholder remediation text for 'Inactive Enabled Account'.","09/21/2026 20:17:10","T1078.002","vuln4_inactive_account","4","1","{""Tier"":""100pct"",""Synthetic"":true}","Low - disabling (not deleting) one account, a single attribute change.","Low risk disabling a genuinely inactive account; confirm it isn't a seasonal or infrequently-used legitimate account (e.g. an annual-process service account) before disabling.","Easy - re-enable the account; effective immediately, no data loss.","",""
"Domain Security","Forest Functional Level Could Be Raised","Low","synthetic-object-156.fabrikam.local","[SYNTHETIC TEST DATA] Placeholder finding for 'Forest Functional Level Could Be Raised', generated to exercise report rendering - not a real detection result against 'fabrikam.local' or any other domain.","[SYNTHETIC TEST DATA] Placeholder impact text for 'Forest Functional Level Could Be Raised'. See src/Scoring.ps1 and the corresponding src/*.ps1 check for this Issue's real Impact wording.","[SYNTHETIC TEST DATA] Placeholder remediation text for 'Forest Functional Level Could Be Raised'.","09/21/2026 20:17:10","","vuln4_upgradable_ffl","1","1","{""Tier"":""100pct"",""Synthetic"":true}","High - every DC in every domain of the forest must already be running Windows Server 2025 before the raise will succeed, so this needs a forest-wide OS upgrade project and sign-off from every domain admin, not just the forest root.","Low technical risk to clients or applications from the raise itself; the real cost is the forest-wide DC OS upgrade project that has to happen first.","Hard/Limited - treat as effectively permanent for planning purposes, same as other forest functional level raises.","Raising the forest functional level does not raise domain functional levels on its own unless every DC in every domain is already running Windows Server 2025 (in which case Microsoft raises all domain levels automatically); otherwise each domain must still be raised separately.",""
"Domain Security","Domain Functional Level Could Be Raised","Low","synthetic-object-157.fabrikam.local","[SYNTHETIC TEST DATA] Placeholder finding for 'Domain Functional Level Could Be Raised', generated to exercise report rendering - not a real detection result against 'fabrikam.local' or any other domain.","[SYNTHETIC TEST DATA] Placeholder impact text for 'Domain Functional Level Could Be Raised'. See src/Scoring.ps1 and the corresponding src/*.ps1 check for this Issue's real Impact wording.","[SYNTHETIC TEST DATA] Placeholder remediation text for 'Domain Functional Level Could Be Raised'.","09/21/2026 20:17:10","","vuln4_upgradable_dfl","1","1","{""Tier"":""100pct"",""Synthetic"":true}","High - every DC in the domain must already be running Windows Server 2025 before the raise succeeds, requiring a domain-wide OS upgrade/replacement project, not just a configuration change.","Low technical risk from the raise itself once every DC is eligible; the real cost is the DC OS upgrade project that has to happen first, not the functional-level change.","Hard/Limited - like other functional-level raises, this is designed as a one-way step once every DC has adopted it (per current Microsoft guidance a same-or-newer-generation rollback is possible under narrow conditions, but treat it as effectively permanent for planning purposes).","",""
"Privileged Groups","Disabled User in Privileged Group","Low","synthetic-object-158.fabrikam.local","[SYNTHETIC TEST DATA] Placeholder finding for 'Disabled User in Privileged Group', generated to exercise report rendering - not a real detection result against 'fabrikam.local' or any other domain.","[SYNTHETIC TEST DATA] Placeholder impact text for 'Disabled User in Privileged Group'. See src/Scoring.ps1 and the corresponding src/*.ps1 check for this Issue's real Impact wording.","[SYNTHETIC TEST DATA] Placeholder remediation text for 'Disabled User in Privileged Group'.","09/21/2026 20:17:10","T1078.002","vuln4_disabled_in_privileged","4","1","{""Tier"":""100pct"",""Synthetic"":true}","Low - removing one already-disabled account from one group.","Essentially none - the account is already disabled and cannot authenticate, so removing its group membership has no functional impact; confirm it isn't an intentionally disabled-but-provisioned break-glass account first.","Easy - re-add if needed; effective immediately, no functional impact either way since the account is disabled.","",""
"Stale-Object & Hygiene Depth","DC Subnet/Site Registration Gap","Low","synthetic-object-159.fabrikam.local","[SYNTHETIC TEST DATA] Placeholder finding for 'DC Subnet/Site Registration Gap', generated to exercise report rendering - not a real detection result against 'fabrikam.local' or any other domain.","[SYNTHETIC TEST DATA] Placeholder impact text for 'DC Subnet/Site Registration Gap'. See src/Scoring.ps1 and the corresponding src/*.ps1 check for this Issue's real Impact wording.","[SYNTHETIC TEST DATA] Placeholder remediation text for 'DC Subnet/Site Registration Gap'.","09/21/2026 20:17:10","T1590.002","vuln4_dc_subnet_missing","4","1","{""Tier"":""100pct"",""Synthetic"":true}","Medium - creating the missing AD Sites and Services subnet object touches the forest-wide sites topology (Configuration NC), so validate the site boundary is correct before publishing it.","An incorrect subnet-to-site mapping can send clients or DCs to authenticate across a slow WAN link instead of a local DC, so getting the subnet/site boundary right matters more than simply filling the gap.","Easy - remove or correct the subnet object; effective as clients next look up their site, no data loss.","",""
"Privileged Groups","Cross-Domain Privileged Group Membership","Low","synthetic-object-160.fabrikam.local","[SYNTHETIC TEST DATA] Placeholder finding for 'Cross-Domain Privileged Group Membership', generated to exercise report rendering - not a real detection result against 'fabrikam.local' or any other domain.","[SYNTHETIC TEST DATA] Placeholder impact text for 'Cross-Domain Privileged Group Membership'. See src/Scoring.ps1 and the corresponding src/*.ps1 check for this Issue's real Impact wording.","[SYNTHETIC TEST DATA] Placeholder remediation text for 'Cross-Domain Privileged Group Membership'.","09/21/2026 20:17:10","","vuln5_cross_domain_group_membership","1","1","{""Tier"":""100pct"",""Synthetic"":true}","Medium - removing a foreign-domain principal from a local privileged group; confirm with the other domain's admins it isn't an intentional, documented cross-domain admin delegation before removing.","Procedural - confirm with the other domain's admins that the membership isn't an intentional cross-domain delegation before removing, since doing so revokes that principal's privileged access entirely.","Easy - re-add the principal to the group if needed; effective on next Kerberos ticket refresh, no data loss.","",""
"Domain Trusts","Bidirectional Domain Trust","Low","synthetic-object-161.fabrikam.local","[SYNTHETIC TEST DATA] Placeholder finding for 'Bidirectional Domain Trust', generated to exercise report rendering - not a real detection result against 'fabrikam.local' or any other domain.","[SYNTHETIC TEST DATA] Placeholder impact text for 'Bidirectional Domain Trust'. See src/Scoring.ps1 and the corresponding src/*.ps1 check for this Issue's real Impact wording.","[SYNTHETIC TEST DATA] Placeholder remediation text for 'Bidirectional Domain Trust'.","09/21/2026 20:17:10","T1482","vuln4_bidirectional_trust","4","1","{""Tier"":""100pct"",""Synthetic"":true}","High - narrowing a bidirectional trust to one-way is a structural, cross-forest/cross-domain decision requiring sign-off from the other domain's owners and a dependency discovery of which direction of access is actually used.","Narrowing to one-way removes the ability for principals on the now-untrusted side to authenticate to resources on the other side, so a dependency check with the other domain's owners is required before narrowing, not just a local change.","Moderate - trust direction can be reconfigured back to bidirectional via Active Directory Domains and Trusts (or netdom) at any time, effective quickly with no data loss, but requires the same cross-domain admin coordination to make the change again.","",""
"Audit Policy","Advanced Audit Policy Verification Required","Low","synthetic-object-162.fabrikam.local","[SYNTHETIC TEST DATA] Placeholder finding for 'Advanced Audit Policy Verification Required', generated to exercise report rendering - not a real detection result against 'fabrikam.local' or any other domain.","[SYNTHETIC TEST DATA] Placeholder impact text for 'Advanced Audit Policy Verification Required'. See src/Scoring.ps1 and the corresponding src/*.ps1 check for this Issue's real Impact wording.","[SYNTHETIC TEST DATA] Placeholder remediation text for 'Advanced Audit Policy Verification Required'.","09/21/2026 20:17:10","T1685.001","vuln4_audit_verify","4","1","{""Tier"":""100pct"",""Synthetic"":true}","Medium - a GPO change that must be validated on every DC, and confirmed not to be overridden by the legacy (non-advanced) Audit Policy category, a well-documented conflict between the two models.","Purely additive logging with essentially no access-control impact; the main practical effect is increased Security event log volume, which may require increasing log size/retention or SIEM ingestion capacity.","Easy - revert the GPO setting; effective at next Group Policy refresh, no data loss.","",""
"Domain Security","AD Recycle Bin Not Enabled","Low","synthetic-object-163.fabrikam.local","[SYNTHETIC TEST DATA] Placeholder finding for 'AD Recycle Bin Not Enabled', generated to exercise report rendering - not a real detection result against 'fabrikam.local' or any other domain.","[SYNTHETIC TEST DATA] Placeholder impact text for 'AD Recycle Bin Not Enabled'. See src/Scoring.ps1 and the corresponding src/*.ps1 check for this Issue's real Impact wording.","[SYNTHETIC TEST DATA] Placeholder remediation text for 'AD Recycle Bin Not Enabled'.","09/21/2026 20:17:10","T1485","vuln5_recycle_bin_disabled","1","1","{""Tier"":""100pct"",""Synthetic"":true}","Low - a single Enable-ADOptionalFeature command, one-time, no maintenance window.","Enabling AD Recycle Bin immediately converts every existing tombstoned object in the forest into the Recycle Bin's deleted-object model - a documented one-time side effect, not a functional access risk.","Hard/Limited - per Microsoft documentation, AD Recycle Bin cannot be disabled once enabled; there is no toggle-back, only a full forest recovery, which is not a practical rollback option.","",""
